customer_id,tenure_group,contract_type,gender,churn,tenure_months
CUST00001,0-12 Months,Month-to-month,Female,1,1
CUST00002,0-12 Months,Month-to-month,Male,0,3
CUST00003,0-12 Months,One year,Male,0,8
CUST00004,0-12 Months,Month-to-month,Female,1,5
CUST00005,0-12 Months,Month-to-month,Female,0,2
CUST00006,0-12 Months,Two year,Male,0,8
CUST00007,0-12 Months,Month-to-month,Female,1,8
CUST00008,0-12 Months,Month-to-month,Male,1,6
CUST00009,0-12 Months,Month-to-month,Female,0,12
CUST00010,0-12 Months,Month-to-month,Female,1,11
CUST00011,0-12 Months,Month-to-month,Female,1,1
CUST00012,0-12 Months,One year,Female,0,11
CUST00013,0-12 Months,Month-to-month,Female,1,1
CUST00014,0-12 Months,Month-to-month,Male,1,6
CUST00015,0-12 Months,Month-to-month,Female,0,11
CUST00016,0-12 Months,Month-to-month,Male,1,12
CUST00017,0-12 Months,Month-to-month,Female,0,1
CUST00018,0-12 Months,Month-to-month,Female,1,1
CUST00019,0-12 Months,Month-to-month,Female,0,3
CUST00020,0-12 Months,Month-to-month,Female,1,4
CUST00021,0-12 Months,Month-to-month,Female,0,4
CUST00022,0-12 Months,Month-to-month,Female,1,6
CUST00023,0-12 Months,Two year,Male,0,4
CUST00024,0-12 Months,One year,Male,0,7
CUST00025,0-12 Months,Month-to-month,Male,1,11
CUST00026,0-12 Months,Month-to-month,Female,1,7
CUST00027,0-12 Months,Month-to-month,Male,1,4
CUST00028,0-12 Months,Month-to-month,Male,1,7
CUST00029,0-12 Months,Month-to-month,Female,1,8
CUST00030,0-12 Months,Month-to-month,Female,1,11
CUST00031,0-12 Months,Month-to-month,Male,1,12
CUST00032,0-12 Months,Two year,Male,0,4
CUST00033,0-12 Months,Month-to-month,Female,1,12
CUST00034,0-12 Months,Month-to-month,Female,1,10
CUST00035,0-12 Months,Month-to-month,Male,1,2
CUST00036,0-12 Months,Month-to-month,Female,0,7
CUST00037,0-12 Months,Month-to-month,Male,0,2
CUST00038,0-12 Months,Month-to-month,Male,1,6
CUST00039,0-12 Months,Month-to-month,Male,0,1
CUST00040,0-12 Months,Month-to-month,Male,0,4
CUST00041,0-12 Months,Month-to-month,Female,0,8
CUST00042,0-12 Months,Month-to-month,Male,1,4
CUST00043,0-12 Months,Month-to-month,Male,0,1
CUST00044,0-12 Months,Month-to-month,Male,1,5
CUST00045,0-12 Months,Month-to-month,Female,1,7
CUST00046,0-12 Months,Month-to-month,Female,0,10
CUST00047,0-12 Months,Month-to-month,Female,1,2
CUST00048,0-12 Months,Month-to-month,Female,0,6
CUST00049,0-12 Months,Month-to-month,Male,1,3
CUST00050,0-12 Months,Month-to-month,Male,1,2
CUST00051,0-12 Months,Month-to-month,Male,0,2
CUST00052,0-12 Months,Month-to-month,Male,1,10
CUST00053,0-12 Months,Month-to-month,Female,0,12
CUST00054,0-12 Months,Month-to-month,Female,1,8
CUST00055,0-12 Months,Month-to-month,Female,0,5
CUST00056,0-12 Months,Month-to-month,Female,1,12
CUST00057,0-12 Months,Month-to-month,Female,1,6
CUST00058,0-12 Months,Month-to-month,Female,0,7
CUST00059,0-12 Months,Month-to-month,Female,0,8
CUST00060,0-12 Months,Month-to-month,Male,0,8
CUST00061,0-12 Months,Month-to-month,Female,0,6
CUST00062,0-12 Months,Month-to-month,Female,0,6
CUST00063,0-12 Months,Month-to-month,Female,1,4
CUST00064,0-12 Months,Month-to-month,Male,0,9
CUST00065,0-12 Months,Month-to-month,Male,1,9
CUST00066,0-12 Months,Month-to-month,Female,1,6
CUST00067,0-12 Months,Month-to-month,Female,1,9
CUST00068,0-12 Months,Month-to-month,Male,1,2
CUST00069,0-12 Months,Month-to-month,Male,0,5
CUST00070,0-12 Months,Month-to-month,Male,1,12
CUST00071,0-12 Months,Month-to-month,Male,1,9
CUST00072,0-12 Months,Month-to-month,Male,1,9
CUST00073,0-12 Months,One year,Male,1,11
CUST00074,0-12 Months,Month-to-month,Female,0,8
CUST00075,0-12 Months,Month-to-month,Male,0,8
CUST00076,0-12 Months,Month-to-month,Female,0,6
CUST00077,0-12 Months,Month-to-month,Male,0,10
CUST00078,0-12 Months,Month-to-month,Female,1,9
CUST00079,0-12 Months,Month-to-month,Female,1,7
CUST00080,0-12 Months,Month-to-month,Male,0,2
CUST00081,0-12 Months,Month-to-month,Male,0,10
CUST00082,0-12 Months,Month-to-month,Female,0,4
CUST00083,0-12 Months,Month-to-month,Male,1,5
CUST00084,0-12 Months,Month-to-month,Female,1,2
CUST00085,0-12 Months,Month-to-month,Female,0,3
CUST00086,0-12 Months,Month-to-month,Male,0,2
CUST00087,0-12 Months,Month-to-month,Female,1,2
CUST00088,0-12 Months,Month-to-month,Female,1,1
CUST00089,0-12 Months,Month-to-month,Male,0,4
CUST00090,0-12 Months,Month-to-month,Female,0,10
CUST00091,0-12 Months,Month-to-month,Female,1,11
CUST00092,0-12 Months,Month-to-month,Female,1,3
CUST00093,0-12 Months,Month-to-month,Male,1,6
CUST00094,0-12 Months,Month-to-month,Female,1,10
CUST00095,0-12 Months,Month-to-month,Female,1,9
CUST00096,0-12 Months,Month-to-month,Male,0,11
CUST00097,0-12 Months,Month-to-month,Female,1,6
CUST00098,0-12 Months,Month-to-month,Female,1,3
CUST00099,0-12 Months,Month-to-month,Male,1,2
CUST00100,0-12 Months,Two year,Male,0,9
CUST00101,0-12 Months,One year,Female,0,1
CUST00102,0-12 Months,Month-to-month,Male,1,6
CUST00103,0-12 Months,Month-to-month,Male,0,5
CUST00104,0-12 Months,Two year,Female,0,12
CUST00105,0-12 Months,Month-to-month,Male,0,12
CUST00106,0-12 Months,Month-to-month,Male,1,6
CUST00107,0-12 Months,Month-to-month,Male,0,7
CUST00108,0-12 Months,Month-to-month,Male,1,5
CUST00109,0-12 Months,Month-to-month,Male,0,10
CUST00110,0-12 Months,One year,Male,0,4
CUST00111,0-12 Months,Month-to-month,Male,0,9
CUST00112,0-12 Months,Month-to-month,Male,1,11
CUST00113,0-12 Months,Month-to-month,Male,0,3
CUST00114,0-12 Months,Month-to-month,Male,0,3
CUST00115,0-12 Months,Month-to-month,Male,1,5
CUST00116,0-12 Months,One year,Female,0,10
CUST00117,0-12 Months,Month-to-month,Female,1,8
CUST00118,0-12 Months,Month-to-month,Male,1,3
CUST00119,0-12 Months,Month-to-month,Female,1,5
CUST00120,0-12 Months,Month-to-month,Male,0,8
CUST00121,0-12 Months,Month-to-month,Male,1,12
CUST00122,0-12 Months,Month-to-month,Male,1,6
CUST00123,0-12 Months,Month-to-month,Female,0,1
CUST00124,0-12 Months,Month-to-month,Male,0,2
CUST00125,0-12 Months,Month-to-month,Female,0,1
CUST00126,0-12 Months,Month-to-month,Male,1,2
CUST00127,0-12 Months,Month-to-month,Female,1,5
CUST00128,0-12 Months,Month-to-month,Male,1,4
CUST00129,0-12 Months,Month-to-month,Male,0,4
CUST00130,0-12 Months,Month-to-month,Male,0,10
CUST00131,0-12 Months,Month-to-month,Male,1,6
CUST00132,0-12 Months,One year,Female,0,9
CUST00133,0-12 Months,Month-to-month,Female,1,7
CUST00134,0-12 Months,Month-to-month,Female,0,3
CUST00135,0-12 Months,Month-to-month,Male,1,12
CUST00136,0-12 Months,Month-to-month,Male,1,6
CUST00137,0-12 Months,Two year,Female,0,11
CUST00138,0-12 Months,Month-to-month,Female,0,2
CUST00139,0-12 Months,Month-to-month,Female,0,11
CUST00140,0-12 Months,Month-to-month,Male,1,9
CUST00141,0-12 Months,Month-to-month,Female,1,3
CUST00142,0-12 Months,Month-to-month,Female,0,10
CUST00143,0-12 Months,One year,Female,0,9
CUST00144,0-12 Months,Month-to-month,Female,0,11
CUST00145,0-12 Months,Month-to-month,Female,1,3
CUST00146,0-12 Months,Month-to-month,Female,0,11
CUST00147,0-12 Months,Month-to-month,Male,0,10
CUST00148,0-12 Months,Month-to-month,Male,0,5
CUST00149,0-12 Months,Month-to-month,Female,0,5
CUST00150,0-12 Months,Month-to-month,Male,1,4
CUST00151,0-12 Months,Month-to-month,Female,0,6
CUST00152,0-12 Months,One year,Male,0,11
CUST00153,0-12 Months,Month-to-month,Male,0,11
CUST00154,0-12 Months,Month-to-month,Female,1,2
CUST00155,0-12 Months,Month-to-month,Male,1,2
CUST00156,0-12 Months,Month-to-month,Male,1,1
CUST00157,0-12 Months,Month-to-month,Male,0,8
CUST00158,0-12 Months,Month-to-month,Female,0,4
CUST00159,0-12 Months,Month-to-month,Female,1,10
CUST00160,0-12 Months,Month-to-month,Female,0,10
CUST00161,0-12 Months,Month-to-month,Male,1,3
CUST00162,0-12 Months,One year,Male,0,9
CUST00163,0-12 Months,Month-to-month,Female,0,10
CUST00164,0-12 Months,Month-to-month,Male,1,12
CUST00165,0-12 Months,Month-to-month,Female,0,9
CUST00166,0-12 Months,Month-to-month,Female,0,5
CUST00167,0-12 Months,Month-to-month,Male,1,12
CUST00168,0-12 Months,Month-to-month,Male,1,4
CUST00169,0-12 Months,Month-to-month,Male,1,10
CUST00170,0-12 Months,Two year,Male,0,5
CUST00171,0-12 Months,Month-to-month,Male,0,12
CUST00172,0-12 Months,Month-to-month,Male,1,10
CUST00173,0-12 Months,Month-to-month,Female,0,8
CUST00174,0-12 Months,One year,Male,0,3
CUST00175,0-12 Months,Month-to-month,Male,0,3
CUST00176,0-12 Months,Month-to-month,Female,1,12
CUST00177,0-12 Months,Month-to-month,Female,1,10
CUST00178,0-12 Months,Two year,Female,0,7
CUST00179,0-12 Months,One year,Female,0,11
CUST00180,0-12 Months,Month-to-month,Male,1,10
CUST00181,0-12 Months,One year,Female,0,5
CUST00182,0-12 Months,One year,Male,0,10
CUST00183,0-12 Months,Month-to-month,Female,1,10
CUST00184,0-12 Months,Month-to-month,Female,0,6
CUST00185,0-12 Months,Month-to-month,Female,1,1
CUST00186,0-12 Months,Month-to-month,Female,0,9
CUST00187,0-12 Months,Month-to-month,Male,0,5
CUST00188,0-12 Months,Month-to-month,Female,1,5
CUST00189,0-12 Months,Month-to-month,Female,1,9
CUST00190,0-12 Months,Month-to-month,Female,0,10
CUST00191,0-12 Months,One year,Female,0,2
CUST00192,0-12 Months,Month-to-month,Male,1,10
CUST00193,0-12 Months,Month-to-month,Male,1,4
CUST00194,0-12 Months,Month-to-month,Female,0,7
CUST00195,0-12 Months,Month-to-month,Male,0,11
CUST00196,0-12 Months,Month-to-month,Female,1,3
CUST00197,0-12 Months,Month-to-month,Male,0,3
CUST00198,0-12 Months,One year,Male,0,12
CUST00199,0-12 Months,Month-to-month,Female,1,5
CUST00200,0-12 Months,Month-to-month,Male,1,12
CUST00201,0-12 Months,Month-to-month,Male,1,5
CUST00202,0-12 Months,Two year,Female,0,8
CUST00203,0-12 Months,Month-to-month,Male,1,7
CUST00204,0-12 Months,Month-to-month,Male,1,12
CUST00205,0-12 Months,Month-to-month,Female,1,7
CUST00206,0-12 Months,Month-to-month,Male,0,7
CUST00207,0-12 Months,Month-to-month,Male,1,6
CUST00208,0-12 Months,Month-to-month,Male,1,5
CUST00209,0-12 Months,Month-to-month,Male,1,6
CUST00210,0-12 Months,Month-to-month,Male,0,6
CUST00211,0-12 Months,Month-to-month,Male,1,10
CUST00212,0-12 Months,Month-to-month,Male,1,1
CUST00213,0-12 Months,Month-to-month,Female,1,7
CUST00214,0-12 Months,Month-to-month,Female,1,7
CUST00215,0-12 Months,Month-to-month,Male,0,10
CUST00216,0-12 Months,Month-to-month,Male,1,8
CUST00217,0-12 Months,Month-to-month,Female,1,6
CUST00218,0-12 Months,Month-to-month,Male,1,2
CUST00219,0-12 Months,One year,Male,0,5
CUST00220,0-12 Months,Month-to-month,Male,1,4
CUST00221,0-12 Months,Month-to-month,Female,1,3
CUST00222,0-12 Months,Month-to-month,Male,0,9
CUST00223,0-12 Months,Month-to-month,Female,1,6
CUST00224,0-12 Months,Two year,Female,0,10
CUST00225,0-12 Months,Month-to-month,Male,1,2
CUST00226,0-12 Months,One year,Male,0,12
CUST00227,0-12 Months,Month-to-month,Female,1,6
CUST00228,0-12 Months,Month-to-month,Male,1,4
CUST00229,0-12 Months,Month-to-month,Male,0,5
CUST00230,0-12 Months,Month-to-month,Female,0,11
CUST00231,0-12 Months,Month-to-month,Female,1,9
CUST00232,0-12 Months,Month-to-month,Male,1,3
CUST00233,0-12 Months,Two year,Male,0,12
CUST00234,0-12 Months,Month-to-month,Female,0,2
CUST00235,0-12 Months,One year,Male,1,4
CUST00236,0-12 Months,Month-to-month,Male,0,9
CUST00237,0-12 Months,Month-to-month,Male,0,7
CUST00238,0-12 Months,Month-to-month,Male,1,6
CUST00239,0-12 Months,Month-to-month,Female,1,12
CUST00240,0-12 Months,Month-to-month,Female,1,10
CUST00241,0-12 Months,Month-to-month,Female,0,12
CUST00242,0-12 Months,Month-to-month,Male,1,4
CUST00243,0-12 Months,Month-to-month,Male,1,11
CUST00244,0-12 Months,Month-to-month,Male,1,3
CUST00245,0-12 Months,Month-to-month,Female,0,10
CUST00246,0-12 Months,One year,Male,0,7
CUST00247,0-12 Months,Month-to-month,Female,1,8
CUST00248,0-12 Months,Month-to-month,Female,1,2
CUST00249,0-12 Months,Month-to-month,Female,1,11
CUST00250,0-12 Months,Month-to-month,Male,0,4
CUST00251,0-12 Months,Month-to-month,Female,0,8
CUST00252,0-12 Months,One year,Male,1,2
CUST00253,0-12 Months,Month-to-month,Male,0,12
CUST00254,0-12 Months,Month-to-month,Male,0,4
CUST00255,0-12 Months,Month-to-month,Female,0,10
CUST00256,0-12 Months,Month-to-month,Male,0,10
CUST00257,0-12 Months,Month-to-month,Male,0,7
CUST00258,0-12 Months,Month-to-month,Female,0,2
CUST00259,0-12 Months,Month-to-month,Male,1,4
CUST00260,0-12 Months,Month-to-month,Male,0,8
CUST00261,0-12 Months,Month-to-month,Female,1,7
CUST00262,0-12 Months,Month-to-month,Male,1,8
CUST00263,0-12 Months,Month-to-month,Female,1,3
CUST00264,0-12 Months,Month-to-month,Female,0,7
CUST00265,0-12 Months,One year,Male,0,2
CUST00266,0-12 Months,Month-to-month,Female,1,6
CUST00267,0-12 Months,Month-to-month,Female,0,2
CUST00268,0-12 Months,Month-to-month,Female,1,8
CUST00269,0-12 Months,Month-to-month,Female,1,7
CUST00270,0-12 Months,Month-to-month,Female,1,11
CUST00271,0-12 Months,Month-to-month,Male,1,6
CUST00272,0-12 Months,Month-to-month,Female,1,2
CUST00273,0-12 Months,Month-to-month,Female,1,3
CUST00274,0-12 Months,Month-to-month,Male,0,10
CUST00275,0-12 Months,Month-to-month,Male,0,12
CUST00276,0-12 Months,Month-to-month,Female,0,1
CUST00277,0-12 Months,Month-to-month,Female,1,9
CUST00278,0-12 Months,Month-to-month,Female,0,6
CUST00279,0-12 Months,One year,Female,0,4
CUST00280,0-12 Months,One year,Female,0,7
CUST00281,0-12 Months,Month-to-month,Male,0,12
CUST00282,0-12 Months,Month-to-month,Male,1,3
CUST00283,0-12 Months,Month-to-month,Female,0,11
CUST00284,0-12 Months,Month-to-month,Male,1,2
CUST00285,0-12 Months,Month-to-month,Female,0,9
CUST00286,0-12 Months,Month-to-month,Female,1,1
CUST00287,0-12 Months,Month-to-month,Female,0,1
CUST00288,0-12 Months,Month-to-month,Female,0,1
CUST00289,0-12 Months,Month-to-month,Male,0,10
CUST00290,0-12 Months,Month-to-month,Female,1,7
CUST00291,0-12 Months,Month-to-month,Male,1,9
CUST00292,0-12 Months,Month-to-month,Female,1,2
CUST00293,0-12 Months,One year,Male,0,12
CUST00294,0-12 Months,Month-to-month,Male,0,10
CUST00295,0-12 Months,Month-to-month,Female,0,6
CUST00296,0-12 Months,One year,Female,0,11
CUST00297,0-12 Months,Two year,Male,0,2
CUST00298,0-12 Months,Month-to-month,Male,0,4
CUST00299,0-12 Months,Month-to-month,Female,0,1
CUST00300,0-12 Months,Month-to-month,Male,0,2
CUST00301,0-12 Months,Month-to-month,Female,0,11
CUST00302,0-12 Months,Month-to-month,Female,1,5
CUST00303,0-12 Months,Month-to-month,Male,0,8
CUST00304,0-12 Months,Month-to-month,Female,0,11
CUST00305,0-12 Months,One year,Female,1,10
CUST00306,0-12 Months,Month-to-month,Female,0,5
CUST00307,0-12 Months,Month-to-month,Female,0,5
CUST00308,0-12 Months,Month-to-month,Female,1,2
CUST00309,0-12 Months,Month-to-month,Female,0,10
CUST00310,0-12 Months,Month-to-month,Male,1,12
CUST00311,0-12 Months,Month-to-month,Male,0,7
CUST00312,0-12 Months,Month-to-month,Female,1,6
CUST00313,0-12 Months,Month-to-month,Female,1,11
CUST00314,0-12 Months,Month-to-month,Male,1,5
CUST00315,0-12 Months,Month-to-month,Female,1,5
CUST00316,0-12 Months,Month-to-month,Female,1,11
CUST00317,0-12 Months,Month-to-month,Male,0,5
CUST00318,0-12 Months,Month-to-month,Female,0,12
CUST00319,0-12 Months,Month-to-month,Male,1,2
CUST00320,0-12 Months,One year,Male,0,6
CUST00321,0-12 Months,One year,Male,0,6
CUST00322,0-12 Months,Month-to-month,Female,1,4
CUST00323,0-12 Months,Month-to-month,Female,0,12
CUST00324,0-12 Months,Month-to-month,Female,1,6
CUST00325,0-12 Months,Month-to-month,Male,0,11
CUST00326,0-12 Months,Month-to-month,Male,1,3
CUST00327,0-12 Months,Month-to-month,Male,1,5
CUST00328,0-12 Months,Month-to-month,Female,1,6
CUST00329,0-12 Months,Month-to-month,Male,0,7
CUST00330,0-12 Months,Month-to-month,Male,0,3
CUST00331,0-12 Months,Month-to-month,Male,1,4
CUST00332,0-12 Months,Month-to-month,Male,1,8
CUST00333,0-12 Months,Month-to-month,Female,1,4
CUST00334,0-12 Months,One year,Female,0,10
CUST00335,0-12 Months,Month-to-month,Male,0,6
CUST00336,0-12 Months,Month-to-month,Female,0,12
CUST00337,0-12 Months,Month-to-month,Female,0,3
CUST00338,0-12 Months,Month-to-month,Female,1,11
CUST00339,0-12 Months,Month-to-month,Female,0,6
CUST00340,0-12 Months,One year,Male,0,2
CUST00341,0-12 Months,Month-to-month,Female,1,9
CUST00342,0-12 Months,Two year,Female,0,3
CUST00343,0-12 Months,Month-to-month,Male,1,2
CUST00344,0-12 Months,Month-to-month,Male,0,7
CUST00345,0-12 Months,Month-to-month,Female,0,10
CUST00346,0-12 Months,Month-to-month,Female,1,4
CUST00347,0-12 Months,One year,Female,0,8
CUST00348,0-12 Months,Month-to-month,Female,1,1
CUST00349,0-12 Months,Month-to-month,Female,1,3
CUST00350,0-12 Months,Month-to-month,Female,1,10
CUST00351,0-12 Months,Month-to-month,Male,0,1
CUST00352,0-12 Months,Month-to-month,Male,0,5
CUST00353,0-12 Months,Month-to-month,Male,0,7
CUST00354,0-12 Months,Month-to-month,Female,0,1
CUST00355,0-12 Months,Month-to-month,Female,1,12
CUST00356,0-12 Months,Month-to-month,Male,0,7
CUST00357,0-12 Months,Month-to-month,Male,1,5
CUST00358,0-12 Months,Month-to-month,Male,0,12
CUST00359,0-12 Months,Month-to-month,Female,1,7
CUST00360,0-12 Months,Month-to-month,Female,1,9
CUST00361,0-12 Months,One year,Male,0,2
CUST00362,0-12 Months,Month-to-month,Male,1,2
CUST00363,0-12 Months,Month-to-month,Female,1,1
CUST00364,0-12 Months,Month-to-month,Male,0,7
CUST00365,0-12 Months,Month-to-month,Male,1,11
CUST00366,0-12 Months,Month-to-month,Male,1,11
CUST00367,0-12 Months,Month-to-month,Female,0,7
CUST00368,0-12 Months,Month-to-month,Male,0,1
CUST00369,0-12 Months,Month-to-month,Male,1,8
CUST00370,0-12 Months,One year,Female,0,8
CUST00371,0-12 Months,Month-to-month,Male,1,8
CUST00372,0-12 Months,Month-to-month,Male,0,9
CUST00373,0-12 Months,Month-to-month,Male,1,7
CUST00374,0-12 Months,Month-to-month,Female,0,9
CUST00375,0-12 Months,Month-to-month,Male,0,6
CUST00376,0-12 Months,Month-to-month,Female,1,2
CUST00377,0-12 Months,One year,Female,1,1
CUST00378,0-12 Months,Month-to-month,Female,0,11
CUST00379,0-12 Months,Month-to-month,Female,1,6
CUST00380,0-12 Months,Month-to-month,Female,1,4
CUST00381,0-12 Months,Month-to-month,Male,1,4
CUST00382,0-12 Months,One year,Male,0,1
CUST00383,0-12 Months,Month-to-month,Female,1,12
CUST00384,0-12 Months,Month-to-month,Male,1,1
CUST00385,0-12 Months,Month-to-month,Female,0,3
CUST00386,0-12 Months,Two year,Male,0,6
CUST00387,0-12 Months,Month-to-month,Male,0,5
CUST00388,0-12 Months,Two year,Male,1,1
CUST00389,0-12 Months,Month-to-month,Male,1,4
CUST00390,0-12 Months,One year,Male,0,10
CUST00391,0-12 Months,Month-to-month,Female,1,4
CUST00392,0-12 Months,Month-to-month,Female,1,11
CUST00393,0-12 Months,Month-to-month,Female,1,5
CUST00394,0-12 Months,Month-to-month,Female,0,1
CUST00395,0-12 Months,Month-to-month,Female,1,2
CUST00396,0-12 Months,Month-to-month,Female,1,10
CUST00397,0-12 Months,Month-to-month,Male,0,5
CUST00398,0-12 Months,Month-to-month,Male,1,12
CUST00399,0-12 Months,Month-to-month,Male,1,10
CUST00400,0-12 Months,Month-to-month,Male,0,1
CUST00401,0-12 Months,Month-to-month,Female,0,4
CUST00402,0-12 Months,One year,Female,0,9
CUST00403,0-12 Months,Month-to-month,Male,0,1
CUST00404,0-12 Months,Month-to-month,Male,1,12
CUST00405,0-12 Months,Two year,Female,0,2
CUST00406,0-12 Months,One year,Female,0,10
CUST00407,0-12 Months,Month-to-month,Female,0,11
CUST00408,0-12 Months,Month-to-month,Female,0,7
CUST00409,0-12 Months,Month-to-month,Female,1,10
CUST00410,0-12 Months,Two year,Female,0,11
CUST00411,0-12 Months,Month-to-month,Male,1,9
CUST00412,0-12 Months,Month-to-month,Male,1,9
CUST00413,0-12 Months,Month-to-month,Male,1,5
CUST00414,0-12 Months,One year,Male,0,4
CUST00415,0-12 Months,Month-to-month,Male,1,11
CUST00416,0-12 Months,Month-to-month,Female,1,3
CUST00417,0-12 Months,Month-to-month,Male,1,5
CUST00418,0-12 Months,Month-to-month,Female,1,7
CUST00419,0-12 Months,Month-to-month,Male,1,5
CUST00420,0-12 Months,One year,Female,1,5
CUST00421,0-12 Months,Month-to-month,Male,0,8
CUST00422,0-12 Months,Month-to-month,Male,1,4
CUST00423,0-12 Months,Month-to-month,Female,0,12
CUST00424,0-12 Months,Month-to-month,Female,1,3
CUST00425,0-12 Months,Month-to-month,Female,0,5
CUST00426,0-12 Months,Month-to-month,Male,1,11
CUST00427,0-12 Months,Month-to-month,Male,1,6
CUST00428,0-12 Months,Month-to-month,Female,1,9
CUST00429,0-12 Months,Month-to-month,Male,1,8
CUST00430,0-12 Months,Month-to-month,Female,1,4
CUST00431,0-12 Months,One year,Female,0,9
CUST00432,0-12 Months,Month-to-month,Female,0,3
CUST00433,0-12 Months,Month-to-month,Male,0,9
CUST00434,0-12 Months,Month-to-month,Female,1,2
CUST00435,0-12 Months,Month-to-month,Female,1,9
CUST00436,0-12 Months,Month-to-month,Female,0,2
CUST00437,0-12 Months,Month-to-month,Male,1,11
CUST00438,0-12 Months,Month-to-month,Male,1,8
CUST00439,0-12 Months,Month-to-month,Male,1,1
CUST00440,0-12 Months,Month-to-month,Male,0,2
CUST00441,0-12 Months,One year,Male,0,3
CUST00442,0-12 Months,Month-to-month,Female,0,12
CUST00443,0-12 Months,Month-to-month,Male,0,8
CUST00444,0-12 Months,Month-to-month,Female,1,4
CUST00445,0-12 Months,Month-to-month,Female,1,4
CUST00446,0-12 Months,Month-to-month,Female,1,1
CUST00447,0-12 Months,Two year,Female,0,3
CUST00448,0-12 Months,Month-to-month,Male,0,11
CUST00449,0-12 Months,Month-to-month,Male,1,8
CUST00450,0-12 Months,Month-to-month,Male,1,5
CUST00451,0-12 Months,Month-to-month,Female,0,1
CUST00452,0-12 Months,One year,Male,0,5
CUST00453,0-12 Months,Month-to-month,Male,1,5
CUST00454,0-12 Months,Month-to-month,Female,0,2
CUST00455,0-12 Months,Month-to-month,Male,1,8
CUST00456,0-12 Months,Month-to-month,Male,0,8
CUST00457,0-12 Months,Two year,Female,1,12
CUST00458,0-12 Months,Month-to-month,Male,1,5
CUST00459,0-12 Months,Month-to-month,Male,1,4
CUST00460,0-12 Months,Month-to-month,Female,1,10
CUST00461,0-12 Months,Month-to-month,Female,1,5
CUST00462,0-12 Months,Month-to-month,Male,1,8
CUST00463,0-12 Months,One year,Male,0,9
CUST00464,0-12 Months,Month-to-month,Male,0,11
CUST00465,0-12 Months,Month-to-month,Male,0,4
CUST00466,0-12 Months,Month-to-month,Male,1,8
CUST00467,0-12 Months,Month-to-month,Male,1,2
CUST00468,0-12 Months,One year,Male,0,10
CUST00469,0-12 Months,Month-to-month,Male,1,1
CUST00470,0-12 Months,Month-to-month,Female,1,9
CUST00471,0-12 Months,Month-to-month,Male,1,3
CUST00472,0-12 Months,Month-to-month,Male,1,6
CUST00473,0-12 Months,Month-to-month,Male,1,1
CUST00474,0-12 Months,Month-to-month,Male,1,9
CUST00475,0-12 Months,Month-to-month,Male,0,6
CUST00476,0-12 Months,Month-to-month,Female,0,8
CUST00477,0-12 Months,Month-to-month,Female,0,5
CUST00478,0-12 Months,Month-to-month,Female,1,1
CUST00479,0-12 Months,Month-to-month,Female,1,7
CUST00480,0-12 Months,Month-to-month,Female,1,9
CUST00481,0-12 Months,Month-to-month,Female,1,8
CUST00482,0-12 Months,Month-to-month,Female,1,4
CUST00483,0-12 Months,Month-to-month,Female,1,9
CUST00484,0-12 Months,Month-to-month,Male,1,7
CUST00485,0-12 Months,Month-to-month,Male,1,3
CUST00486,0-12 Months,Month-to-month,Female,0,2
CUST00487,0-12 Months,Month-to-month,Female,1,4
CUST00488,0-12 Months,Month-to-month,Female,0,1
CUST00489,0-12 Months,Month-to-month,Female,0,9
CUST00490,0-12 Months,Month-to-month,Female,0,1
CUST00491,0-12 Months,Month-to-month,Female,0,1
CUST00492,0-12 Months,Month-to-month,Female,1,2
CUST00493,0-12 Months,Month-to-month,Male,0,4
CUST00494,0-12 Months,Month-to-month,Male,0,1
CUST00495,0-12 Months,Month-to-month,Male,1,8
CUST00496,0-12 Months,Month-to-month,Female,0,2
CUST00497,0-12 Months,Month-to-month,Female,0,10
CUST00498,0-12 Months,Month-to-month,Male,1,7
CUST00499,0-12 Months,Month-to-month,Female,0,2
CUST00500,0-12 Months,Month-to-month,Male,0,5
CUST00501,0-12 Months,Month-to-month,Male,0,2
CUST00502,0-12 Months,One year,Male,0,12
CUST00503,0-12 Months,One year,Female,0,8
CUST00504,0-12 Months,Month-to-month,Male,1,10
CUST00505,0-12 Months,Month-to-month,Female,0,5
CUST00506,0-12 Months,Month-to-month,Female,0,2
CUST00507,0-12 Months,Month-to-month,Female,1,3
CUST00508,0-12 Months,Month-to-month,Male,1,6
CUST00509,0-12 Months,Month-to-month,Male,1,10
CUST00510,0-12 Months,Month-to-month,Female,1,6
CUST00511,0-12 Months,Month-to-month,Female,0,12
CUST00512,0-12 Months,Month-to-month,Male,1,5
CUST00513,0-12 Months,Month-to-month,Male,0,3
CUST00514,0-12 Months,Month-to-month,Female,0,6
CUST00515,0-12 Months,Month-to-month,Female,1,2
CUST00516,0-12 Months,Month-to-month,Male,1,9
CUST00517,0-12 Months,Month-to-month,Male,1,2
CUST00518,0-12 Months,Month-to-month,Male,0,8
CUST00519,0-12 Months,Month-to-month,Female,0,5
CUST00520,0-12 Months,Month-to-month,Female,1,5
CUST00521,0-12 Months,One year,Female,0,8
CUST00522,0-12 Months,Month-to-month,Female,0,9
CUST00523,0-12 Months,Month-to-month,Male,1,12
CUST00524,0-12 Months,Month-to-month,Female,0,4
CUST00525,0-12 Months,Month-to-month,Male,0,10
CUST00526,0-12 Months,Month-to-month,Male,0,11
CUST00527,0-12 Months,Two year,Male,1,12
CUST00528,0-12 Months,Two year,Male,0,12
CUST00529,0-12 Months,Month-to-month,Male,1,10
CUST00530,0-12 Months,Month-to-month,Female,0,4
CUST00531,0-12 Months,Month-to-month,Female,1,9
CUST00532,0-12 Months,Month-to-month,Female,1,10
CUST00533,0-12 Months,Month-to-month,Male,0,4
CUST00534,0-12 Months,Month-to-month,Male,1,10
CUST00535,0-12 Months,Month-to-month,Female,1,9
CUST00536,0-12 Months,Month-to-month,Female,0,6
CUST00537,0-12 Months,Month-to-month,Female,1,11
CUST00538,0-12 Months,Month-to-month,Female,1,2
CUST00539,0-12 Months,Month-to-month,Male,1,9
CUST00540,0-12 Months,Month-to-month,Female,0,10
CUST00541,0-12 Months,Two year,Male,0,1
CUST00542,0-12 Months,Month-to-month,Male,1,5
CUST00543,0-12 Months,Month-to-month,Female,0,7
CUST00544,0-12 Months,Two year,Female,0,3
CUST00545,0-12 Months,Month-to-month,Male,1,11
CUST00546,0-12 Months,Month-to-month,Male,0,8
CUST00547,0-12 Months,Month-to-month,Female,0,4
CUST00548,0-12 Months,Month-to-month,Female,0,6
CUST00549,0-12 Months,Month-to-month,Male,1,2
CUST00550,0-12 Months,Month-to-month,Male,1,2
CUST00551,0-12 Months,Month-to-month,Male,0,9
CUST00552,0-12 Months,Month-to-month,Male,0,12
CUST00553,0-12 Months,Month-to-month,Male,0,4
CUST00554,0-12 Months,One year,Female,1,3
CUST00555,0-12 Months,Month-to-month,Male,1,9
CUST00556,0-12 Months,Month-to-month,Female,0,7
CUST00557,0-12 Months,Month-to-month,Male,1,2
CUST00558,0-12 Months,Month-to-month,Male,1,9
CUST00559,0-12 Months,Month-to-month,Male,0,3
CUST00560,0-12 Months,Month-to-month,Male,1,2
CUST00561,0-12 Months,Month-to-month,Male,1,6
CUST00562,0-12 Months,Month-to-month,Male,0,9
CUST00563,0-12 Months,Month-to-month,Male,0,7
CUST00564,0-12 Months,Month-to-month,Male,1,8
CUST00565,0-12 Months,Month-to-month,Female,0,3
CUST00566,0-12 Months,Month-to-month,Female,1,6
CUST00567,0-12 Months,Month-to-month,Male,0,9
CUST00568,0-12 Months,Month-to-month,Male,0,7
CUST00569,0-12 Months,Month-to-month,Male,1,3
CUST00570,0-12 Months,Month-to-month,Male,1,12
CUST00571,0-12 Months,Month-to-month,Female,1,1
CUST00572,0-12 Months,Month-to-month,Female,1,11
CUST00573,0-12 Months,Month-to-month,Male,1,9
CUST00574,0-12 Months,Month-to-month,Female,1,2
CUST00575,0-12 Months,One year,Male,1,4
CUST00576,0-12 Months,Month-to-month,Male,1,5
CUST00577,0-12 Months,One year,Male,0,12
CUST00578,0-12 Months,Month-to-month,Female,0,7
CUST00579,0-12 Months,One year,Male,0,4
CUST00580,0-12 Months,Month-to-month,Female,0,12
CUST00581,0-12 Months,Month-to-month,Female,0,2
CUST00582,0-12 Months,Month-to-month,Female,1,10
CUST00583,0-12 Months,Month-to-month,Female,0,10
CUST00584,0-12 Months,Month-to-month,Male,1,5
CUST00585,0-12 Months,One year,Male,0,1
CUST00586,0-12 Months,Month-to-month,Female,1,11
CUST00587,0-12 Months,Month-to-month,Male,1,12
CUST00588,0-12 Months,Month-to-month,Male,0,5
CUST00589,0-12 Months,Month-to-month,Male,0,3
CUST00590,0-12 Months,Month-to-month,Male,1,4
CUST00591,0-12 Months,One year,Male,0,2
CUST00592,0-12 Months,Month-to-month,Female,1,8
CUST00593,0-12 Months,Month-to-month,Female,1,7
CUST00594,0-12 Months,Month-to-month,Male,0,5
CUST00595,0-12 Months,Month-to-month,Male,1,8
CUST00596,0-12 Months,Month-to-month,Male,1,8
CUST00597,0-12 Months,Month-to-month,Female,0,1
CUST00598,0-12 Months,Month-to-month,Female,0,5
CUST00599,0-12 Months,Two year,Male,0,11
CUST00600,0-12 Months,Month-to-month,Female,1,10
CUST00601,0-12 Months,Month-to-month,Male,0,11
CUST00602,0-12 Months,Month-to-month,Male,1,12
CUST00603,0-12 Months,One year,Female,1,1
CUST00604,0-12 Months,Month-to-month,Female,0,4
CUST00605,0-12 Months,Two year,Female,0,6
CUST00606,0-12 Months,Month-to-month,Female,1,7
CUST00607,0-12 Months,One year,Male,0,10
CUST00608,0-12 Months,Month-to-month,Male,1,9
CUST00609,0-12 Months,Month-to-month,Female,1,9
CUST00610,0-12 Months,Month-to-month,Male,1,2
CUST00611,0-12 Months,Month-to-month,Female,0,9
CUST00612,0-12 Months,Month-to-month,Female,0,10
CUST00613,0-12 Months,Two year,Male,0,10
CUST00614,0-12 Months,Two year,Male,0,7
CUST00615,0-12 Months,Month-to-month,Male,1,2
CUST00616,0-12 Months,Month-to-month,Female,1,2
CUST00617,0-12 Months,Month-to-month,Male,0,9
CUST00618,0-12 Months,Month-to-month,Female,1,11
CUST00619,0-12 Months,Month-to-month,Male,0,10
CUST00620,0-12 Months,Month-to-month,Male,1,6
CUST00621,0-12 Months,Month-to-month,Male,0,8
CUST00622,0-12 Months,Month-to-month,Female,1,3
CUST00623,0-12 Months,Two year,Female,0,8
CUST00624,0-12 Months,Month-to-month,Male,1,3
CUST00625,0-12 Months,Two year,Female,0,10
CUST00626,0-12 Months,Month-to-month,Male,1,10
CUST00627,0-12 Months,Month-to-month,Male,0,1
CUST00628,0-12 Months,Month-to-month,Male,0,12
CUST00629,0-12 Months,Month-to-month,Female,0,10
CUST00630,0-12 Months,Month-to-month,Male,1,5
CUST00631,0-12 Months,One year,Female,0,6
CUST00632,0-12 Months,Month-to-month,Female,0,1
CUST00633,0-12 Months,Month-to-month,Male,1,12
CUST00634,0-12 Months,Month-to-month,Female,1,2
CUST00635,0-12 Months,Month-to-month,Male,0,12
CUST00636,0-12 Months,Month-to-month,Male,0,8
CUST00637,0-12 Months,Month-to-month,Male,1,12
CUST00638,0-12 Months,Month-to-month,Male,0,5
CUST00639,0-12 Months,Month-to-month,Male,0,11
CUST00640,0-12 Months,One year,Female,1,6
CUST00641,0-12 Months,Month-to-month,Male,0,5
CUST00642,0-12 Months,Month-to-month,Female,1,5
CUST00643,0-12 Months,Month-to-month,Male,1,12
CUST00644,0-12 Months,Month-to-month,Male,1,6
CUST00645,0-12 Months,Month-to-month,Male,0,6
CUST00646,0-12 Months,One year,Female,0,8
CUST00647,0-12 Months,Month-to-month,Female,0,7
CUST00648,0-12 Months,Month-to-month,Female,1,7
CUST00649,0-12 Months,Month-to-month,Female,1,5
CUST00650,0-12 Months,Month-to-month,Female,1,2
CUST00651,0-12 Months,Month-to-month,Female,1,12
CUST00652,0-12 Months,One year,Female,0,6
CUST00653,0-12 Months,Month-to-month,Male,0,12
CUST00654,0-12 Months,Month-to-month,Female,1,6
CUST00655,0-12 Months,One year,Male,0,8
CUST00656,0-12 Months,Month-to-month,Female,1,7
CUST00657,0-12 Months,One year,Male,0,12
CUST00658,0-12 Months,Month-to-month,Female,1,2
CUST00659,0-12 Months,Month-to-month,Male,1,7
CUST00660,0-12 Months,Month-to-month,Male,1,2
CUST00661,0-12 Months,Month-to-month,Male,0,11
CUST00662,0-12 Months,One year,Female,0,7
CUST00663,0-12 Months,Month-to-month,Male,1,12
CUST00664,0-12 Months,Month-to-month,Female,0,4
CUST00665,0-12 Months,Month-to-month,Female,1,2
CUST00666,0-12 Months,Month-to-month,Female,0,8
CUST00667,0-12 Months,Month-to-month,Male,1,2
CUST00668,0-12 Months,Two year,Female,0,5
CUST00669,0-12 Months,Month-to-month,Male,1,4
CUST00670,0-12 Months,Month-to-month,Female,0,3
CUST00671,0-12 Months,Month-to-month,Female,0,2
CUST00672,0-12 Months,Month-to-month,Female,1,8
CUST00673,0-12 Months,Two year,Female,0,10
CUST00674,0-12 Months,Month-to-month,Male,0,5
CUST00675,0-12 Months,Month-to-month,Male,1,4
CUST00676,0-12 Months,Month-to-month,Male,0,2
CUST00677,0-12 Months,One year,Female,0,9
CUST00678,0-12 Months,Month-to-month,Female,1,10
CUST00679,0-12 Months,Month-to-month,Male,1,7
CUST00680,0-12 Months,Month-to-month,Female,0,6
CUST00681,0-12 Months,Month-to-month,Female,0,8
CUST00682,0-12 Months,Month-to-month,Male,1,11
CUST00683,0-12 Months,Month-to-month,Female,1,12
CUST00684,0-12 Months,Month-to-month,Female,1,3
CUST00685,0-12 Months,Month-to-month,Female,1,6
CUST00686,0-12 Months,Month-to-month,Male,1,11
CUST00687,0-12 Months,Month-to-month,Female,0,8
CUST00688,0-12 Months,Two year,Male,0,10
CUST00689,0-12 Months,Month-to-month,Female,1,12
CUST00690,0-12 Months,Month-to-month,Female,1,2
CUST00691,0-12 Months,Month-to-month,Female,1,8
CUST00692,0-12 Months,One year,Male,0,7
CUST00693,0-12 Months,Month-to-month,Female,1,4
CUST00694,0-12 Months,Month-to-month,Male,1,8
CUST00695,0-12 Months,One year,Female,0,2
CUST00696,0-12 Months,Month-to-month,Female,0,6
CUST00697,0-12 Months,Month-to-month,Female,0,5
CUST00698,0-12 Months,Month-to-month,Male,1,5
CUST00699,0-12 Months,Month-to-month,Female,1,8
CUST00700,0-12 Months,Month-to-month,Male,1,12
CUST00701,0-12 Months,Month-to-month,Male,0,12
CUST00702,0-12 Months,Month-to-month,Male,1,9
CUST00703,0-12 Months,Month-to-month,Male,1,4
CUST00704,0-12 Months,One year,Male,0,12
CUST00705,0-12 Months,Month-to-month,Male,1,12
CUST00706,0-12 Months,Month-to-month,Female,1,11
CUST00707,0-12 Months,Month-to-month,Male,1,11
CUST00708,0-12 Months,Month-to-month,Male,1,10
CUST00709,0-12 Months,Month-to-month,Female,0,10
CUST00710,0-12 Months,Month-to-month,Male,1,9
CUST00711,0-12 Months,Two year,Male,0,8
CUST00712,0-12 Months,Month-to-month,Female,0,8
CUST00713,0-12 Months,Month-to-month,Male,0,5
CUST00714,0-12 Months,One year,Female,0,11
CUST00715,0-12 Months,Month-to-month,Female,0,8
CUST00716,0-12 Months,Month-to-month,Female,0,8
CUST00717,0-12 Months,Month-to-month,Male,0,9
CUST00718,0-12 Months,Month-to-month,Female,1,1
CUST00719,0-12 Months,Month-to-month,Male,0,12
CUST00720,0-12 Months,Two year,Female,0,7
CUST00721,0-12 Months,Month-to-month,Female,1,12
CUST00722,0-12 Months,Month-to-month,Male,1,2
CUST00723,0-12 Months,Month-to-month,Female,0,3
CUST00724,0-12 Months,Two year,Male,0,12
CUST00725,0-12 Months,Month-to-month,Female,1,9
CUST00726,0-12 Months,Month-to-month,Male,0,8
CUST00727,0-12 Months,Month-to-month,Male,0,5
CUST00728,0-12 Months,Month-to-month,Female,1,7
CUST00729,0-12 Months,Month-to-month,Female,1,7
CUST00730,0-12 Months,Month-to-month,Female,0,3
CUST00731,0-12 Months,Month-to-month,Male,0,7
CUST00732,0-12 Months,Month-to-month,Male,1,7
CUST00733,0-12 Months,Month-to-month,Female,1,4
CUST00734,0-12 Months,Month-to-month,Female,1,5
CUST00735,0-12 Months,Month-to-month,Male,0,10
CUST00736,0-12 Months,Month-to-month,Female,0,9
CUST00737,0-12 Months,Month-to-month,Male,0,6
CUST00738,0-12 Months,Month-to-month,Male,1,8
CUST00739,0-12 Months,Month-to-month,Female,1,3
CUST00740,0-12 Months,Month-to-month,Male,1,6
CUST00741,0-12 Months,Month-to-month,Female,0,7
CUST00742,0-12 Months,Month-to-month,Female,0,4
CUST00743,0-12 Months,One year,Male,1,3
CUST00744,0-12 Months,Month-to-month,Male,1,7
CUST00745,0-12 Months,Month-to-month,Male,0,12
CUST00746,0-12 Months,Month-to-month,Male,0,6
CUST00747,0-12 Months,Month-to-month,Female,0,11
CUST00748,0-12 Months,Month-to-month,Male,1,11
CUST00749,0-12 Months,Month-to-month,Male,1,9
CUST00750,0-12 Months,Month-to-month,Female,1,11
CUST00751,0-12 Months,Month-to-month,Female,1,5
CUST00752,0-12 Months,Month-to-month,Male,1,10
CUST00753,0-12 Months,Month-to-month,Male,0,2
CUST00754,0-12 Months,Month-to-month,Female,1,4
CUST00755,0-12 Months,Month-to-month,Male,0,7
CUST00756,0-12 Months,Month-to-month,Female,0,1
CUST00757,0-12 Months,Month-to-month,Female,0,10
CUST00758,0-12 Months,One year,Female,0,12
CUST00759,0-12 Months,Month-to-month,Male,0,2
CUST00760,0-12 Months,Month-to-month,Female,1,12
CUST00761,0-12 Months,Month-to-month,Female,0,2
CUST00762,0-12 Months,Month-to-month,Female,0,2
CUST00763,0-12 Months,Month-to-month,Male,0,10
CUST00764,0-12 Months,Month-to-month,Male,0,9
CUST00765,0-12 Months,One year,Female,0,12
CUST00766,0-12 Months,Month-to-month,Male,0,6
CUST00767,0-12 Months,Month-to-month,Female,1,7
CUST00768,0-12 Months,Month-to-month,Female,0,2
CUST00769,0-12 Months,Month-to-month,Male,1,9
CUST00770,0-12 Months,Month-to-month,Male,0,12
CUST00771,0-12 Months,Month-to-month,Female,1,8
CUST00772,0-12 Months,Month-to-month,Male,1,12
CUST00773,0-12 Months,Month-to-month,Female,1,5
CUST00774,0-12 Months,Month-to-month,Male,1,12
CUST00775,0-12 Months,Month-to-month,Male,1,7
CUST00776,0-12 Months,One year,Male,0,2
CUST00777,0-12 Months,Month-to-month,Female,0,5
CUST00778,0-12 Months,Month-to-month,Male,1,6
CUST00779,0-12 Months,Month-to-month,Male,0,1
CUST00780,0-12 Months,One year,Female,0,11
CUST00781,0-12 Months,Month-to-month,Female,1,3
CUST00782,0-12 Months,One year,Male,0,9
CUST00783,0-12 Months,Month-to-month,Female,0,12
CUST00784,0-12 Months,Month-to-month,Male,1,6
CUST00785,0-12 Months,Two year,Female,0,8
CUST00786,0-12 Months,Month-to-month,Male,0,7
CUST00787,0-12 Months,Month-to-month,Female,1,10
CUST00788,0-12 Months,Month-to-month,Male,1,1
CUST00789,0-12 Months,Month-to-month,Male,0,5
CUST00790,0-12 Months,Month-to-month,Female,1,8
CUST00791,0-12 Months,Month-to-month,Male,1,2
CUST00792,0-12 Months,Month-to-month,Male,1,11
CUST00793,0-12 Months,Month-to-month,Female,0,8
CUST00794,0-12 Months,Month-to-month,Female,1,1
CUST00795,0-12 Months,Month-to-month,Male,1,1
CUST00796,0-12 Months,Month-to-month,Male,0,2
CUST00797,0-12 Months,Month-to-month,Female,0,8
CUST00798,0-12 Months,Month-to-month,Male,0,7
CUST00799,0-12 Months,Month-to-month,Female,0,6
CUST00800,0-12 Months,Month-to-month,Female,1,7
CUST00801,0-12 Months,Month-to-month,Male,1,6
CUST00802,0-12 Months,Month-to-month,Female,1,5
CUST00803,0-12 Months,One year,Female,0,1
CUST00804,0-12 Months,Month-to-month,Male,0,1
CUST00805,0-12 Months,Month-to-month,Female,1,9
CUST00806,0-12 Months,Month-to-month,Female,0,9
CUST00807,0-12 Months,Month-to-month,Male,0,3
CUST00808,0-12 Months,Month-to-month,Male,1,3
CUST00809,0-12 Months,Month-to-month,Male,0,5
CUST00810,0-12 Months,Two year,Male,0,8
CUST00811,0-12 Months,Month-to-month,Female,0,8
CUST00812,0-12 Months,Month-to-month,Female,0,7
CUST00813,0-12 Months,Two year,Male,0,1
CUST00814,0-12 Months,Month-to-month,Female,1,6
CUST00815,0-12 Months,Month-to-month,Female,1,10
CUST00816,0-12 Months,One year,Male,0,8
CUST00817,0-12 Months,One year,Male,0,10
CUST00818,0-12 Months,Month-to-month,Male,1,9
CUST00819,0-12 Months,Month-to-month,Female,0,11
CUST00820,0-12 Months,Month-to-month,Female,0,7
CUST00821,0-12 Months,Month-to-month,Male,1,7
CUST00822,0-12 Months,Month-to-month,Male,1,7
CUST00823,0-12 Months,Month-to-month,Female,0,4
CUST00824,0-12 Months,Month-to-month,Female,0,6
CUST00825,0-12 Months,Month-to-month,Female,0,3
CUST00826,0-12 Months,Month-to-month,Male,0,6
CUST00827,0-12 Months,Month-to-month,Male,1,2
CUST00828,0-12 Months,Month-to-month,Female,0,6
CUST00829,0-12 Months,One year,Female,0,12
CUST00830,0-12 Months,Month-to-month,Female,1,6
CUST00831,0-12 Months,Month-to-month,Female,0,9
CUST00832,0-12 Months,Month-to-month,Male,0,6
CUST00833,0-12 Months,Month-to-month,Female,1,11
CUST00834,0-12 Months,Month-to-month,Male,0,3
CUST00835,0-12 Months,Month-to-month,Male,0,11
CUST00836,0-12 Months,Month-to-month,Male,0,9
CUST00837,0-12 Months,Month-to-month,Male,1,11
CUST00838,0-12 Months,Two year,Female,0,2
CUST00839,0-12 Months,Month-to-month,Female,0,11
CUST00840,0-12 Months,Month-to-month,Female,1,11
CUST00841,0-12 Months,Month-to-month,Male,0,4
CUST00842,0-12 Months,Month-to-month,Female,1,8
CUST00843,0-12 Months,Month-to-month,Female,1,8
CUST00844,0-12 Months,Month-to-month,Female,0,1
CUST00845,0-12 Months,Month-to-month,Female,1,7
CUST00846,0-12 Months,One year,Male,0,8
CUST00847,0-12 Months,Month-to-month,Male,0,3
CUST00848,0-12 Months,Month-to-month,Male,0,5
CUST00849,0-12 Months,Month-to-month,Male,0,8
CUST00850,0-12 Months,Two year,Female,0,12
CUST00851,0-12 Months,Month-to-month,Female,1,1
CUST00852,0-12 Months,Month-to-month,Female,1,12
CUST00853,0-12 Months,One year,Male,0,10
CUST00854,0-12 Months,One year,Male,0,11
CUST00855,0-12 Months,Month-to-month,Female,0,1
CUST00856,0-12 Months,Month-to-month,Male,0,7
CUST00857,0-12 Months,Month-to-month,Female,0,5
CUST00858,0-12 Months,One year,Female,0,12
CUST00859,0-12 Months,Month-to-month,Male,1,9
CUST00860,0-12 Months,Month-to-month,Male,0,8
CUST00861,0-12 Months,Month-to-month,Male,0,1
CUST00862,0-12 Months,Month-to-month,Male,1,11
CUST00863,0-12 Months,Month-to-month,Female,0,6
CUST00864,0-12 Months,Month-to-month,Male,0,2
CUST00865,0-12 Months,Month-to-month,Male,1,11
CUST00866,0-12 Months,One year,Male,0,11
CUST00867,0-12 Months,One year,Female,0,6
CUST00868,0-12 Months,Month-to-month,Male,0,8
CUST00869,0-12 Months,Month-to-month,Female,0,8
CUST00870,0-12 Months,Month-to-month,Female,1,4
CUST00871,0-12 Months,Month-to-month,Male,1,9
CUST00872,0-12 Months,Month-to-month,Male,1,12
CUST00873,0-12 Months,Two year,Male,0,12
CUST00874,0-12 Months,Month-to-month,Male,1,9
CUST00875,0-12 Months,Month-to-month,Female,1,5
CUST00876,0-12 Months,One year,Male,0,11
CUST00877,0-12 Months,Month-to-month,Female,0,12
CUST00878,0-12 Months,Month-to-month,Male,1,1
CUST00879,0-12 Months,Month-to-month,Female,0,5
CUST00880,0-12 Months,Month-to-month,Male,0,7
CUST00881,0-12 Months,Month-to-month,Male,1,7
CUST00882,0-12 Months,Month-to-month,Male,1,9
CUST00883,0-12 Months,One year,Female,0,7
CUST00884,0-12 Months,Month-to-month,Female,0,1
CUST00885,0-12 Months,Month-to-month,Female,0,2
CUST00886,0-12 Months,Month-to-month,Female,0,10
CUST00887,0-12 Months,Month-to-month,Male,0,9
CUST00888,0-12 Months,Month-to-month,Female,1,8
CUST00889,0-12 Months,Month-to-month,Male,0,6
CUST00890,0-12 Months,Month-to-month,Female,1,4
CUST00891,0-12 Months,Month-to-month,Female,1,4
CUST00892,0-12 Months,Two year,Male,0,9
CUST00893,0-12 Months,Month-to-month,Female,1,7
CUST00894,0-12 Months,Month-to-month,Female,0,2
CUST00895,0-12 Months,Month-to-month,Female,1,5
CUST00896,0-12 Months,One year,Female,1,10
CUST00897,0-12 Months,Month-to-month,Male,0,8
CUST00898,0-12 Months,Month-to-month,Female,1,11
CUST00899,0-12 Months,Month-to-month,Female,0,7
CUST00900,0-12 Months,Month-to-month,Male,1,6
CUST00901,0-12 Months,Month-to-month,Male,0,12
CUST00902,0-12 Months,Month-to-month,Male,0,7
CUST00903,0-12 Months,Month-to-month,Female,0,2
CUST00904,0-12 Months,Month-to-month,Male,0,5
CUST00905,0-12 Months,Two year,Female,0,8
CUST00906,0-12 Months,Month-to-month,Female,1,5
CUST00907,0-12 Months,Month-to-month,Male,0,5
CUST00908,0-12 Months,Month-to-month,Male,0,11
CUST00909,0-12 Months,Month-to-month,Male,0,6
CUST00910,0-12 Months,Month-to-month,Male,1,4
CUST00911,0-12 Months,Month-to-month,Female,1,2
CUST00912,0-12 Months,One year,Male,0,5
CUST00913,0-12 Months,One year,Male,1,10
CUST00914,0-12 Months,Two year,Female,0,4
CUST00915,0-12 Months,Two year,Female,0,6
CUST00916,0-12 Months,Two year,Female,0,8
CUST00917,0-12 Months,Month-to-month,Male,1,12
CUST00918,0-12 Months,Month-to-month,Female,0,10
CUST00919,0-12 Months,Month-to-month,Female,1,4
CUST00920,0-12 Months,Month-to-month,Male,1,2
CUST00921,0-12 Months,Month-to-month,Male,0,9
CUST00922,0-12 Months,Month-to-month,Female,1,4
CUST00923,0-12 Months,Month-to-month,Male,0,5
CUST00924,0-12 Months,Month-to-month,Male,1,2
CUST00925,0-12 Months,Month-to-month,Male,1,10
CUST00926,0-12 Months,Month-to-month,Female,0,2
CUST00927,0-12 Months,Month-to-month,Female,0,5
CUST00928,0-12 Months,One year,Male,0,5
CUST00929,0-12 Months,Month-to-month,Female,1,1
CUST00930,0-12 Months,Month-to-month,Male,1,10
CUST00931,0-12 Months,Month-to-month,Female,0,8
CUST00932,0-12 Months,Month-to-month,Male,1,7
CUST00933,0-12 Months,Month-to-month,Male,1,3
CUST00934,0-12 Months,Month-to-month,Male,0,1
CUST00935,0-12 Months,Month-to-month,Male,0,1
CUST00936,0-12 Months,Month-to-month,Male,0,8
CUST00937,0-12 Months,One year,Female,0,9
CUST00938,0-12 Months,Month-to-month,Female,1,10
CUST00939,0-12 Months,One year,Male,0,10
CUST00940,0-12 Months,Month-to-month,Male,1,5
CUST00941,0-12 Months,Month-to-month,Male,0,1
CUST00942,0-12 Months,Month-to-month,Male,1,3
CUST00943,0-12 Months,Month-to-month,Female,0,10
CUST00944,0-12 Months,Month-to-month,Male,0,10
CUST00945,0-12 Months,Month-to-month,Male,1,7
CUST00946,0-12 Months,Month-to-month,Male,0,1
CUST00947,0-12 Months,Month-to-month,Male,1,10
CUST00948,0-12 Months,One year,Male,0,10
CUST00949,0-12 Months,One year,Male,0,3
CUST00950,0-12 Months,Month-to-month,Female,1,10
CUST00951,0-12 Months,Month-to-month,Male,0,8
CUST00952,0-12 Months,Month-to-month,Female,0,11
CUST00953,0-12 Months,Month-to-month,Female,1,8
CUST00954,0-12 Months,Month-to-month,Female,1,2
CUST00955,0-12 Months,One year,Female,0,8
CUST00956,0-12 Months,One year,Female,1,2
CUST00957,0-12 Months,Month-to-month,Male,0,4
CUST00958,0-12 Months,Month-to-month,Male,1,11
CUST00959,0-12 Months,Month-to-month,Male,1,12
CUST00960,0-12 Months,Month-to-month,Female,1,6
CUST00961,0-12 Months,Month-to-month,Female,1,4
CUST00962,0-12 Months,Month-to-month,Male,0,5
CUST00963,0-12 Months,Month-to-month,Male,1,3
CUST00964,0-12 Months,Month-to-month,Male,0,7
CUST00965,0-12 Months,Two year,Male,0,6
CUST00966,0-12 Months,Month-to-month,Male,0,1
CUST00967,0-12 Months,Two year,Male,0,8
CUST00968,0-12 Months,Month-to-month,Male,0,8
CUST00969,0-12 Months,Month-to-month,Male,1,9
CUST00970,0-12 Months,Month-to-month,Male,1,12
CUST00971,0-12 Months,Month-to-month,Female,0,9
CUST00972,0-12 Months,Month-to-month,Female,1,9
CUST00973,0-12 Months,Month-to-month,Female,0,3
CUST00974,0-12 Months,One year,Male,1,6
CUST00975,0-12 Months,Month-to-month,Male,0,6
CUST00976,0-12 Months,Month-to-month,Female,0,12
CUST00977,0-12 Months,Month-to-month,Male,1,6
CUST00978,0-12 Months,Month-to-month,Female,1,9
CUST00979,0-12 Months,Month-to-month,Female,1,7
CUST00980,0-12 Months,Month-to-month,Male,1,1
CUST00981,0-12 Months,Two year,Female,0,12
CUST00982,0-12 Months,Month-to-month,Female,1,9
CUST00983,0-12 Months,Month-to-month,Female,0,3
CUST00984,0-12 Months,Month-to-month,Female,0,1
CUST00985,0-12 Months,Month-to-month,Male,0,12
CUST00986,0-12 Months,One year,Male,0,4
CUST00987,0-12 Months,Month-to-month,Male,1,1
CUST00988,0-12 Months,Month-to-month,Male,0,8
CUST00989,0-12 Months,Month-to-month,Female,1,1
CUST00990,0-12 Months,Month-to-month,Male,0,3
CUST00991,0-12 Months,Month-to-month,Female,0,11
CUST00992,0-12 Months,Month-to-month,Female,1,1
CUST00993,0-12 Months,Month-to-month,Male,1,10
CUST00994,0-12 Months,Month-to-month,Female,1,8
CUST00995,0-12 Months,One year,Female,1,4
CUST00996,0-12 Months,Month-to-month,Female,1,4
CUST00997,0-12 Months,Month-to-month,Male,0,6
CUST00998,0-12 Months,Month-to-month,Female,0,7
CUST00999,0-12 Months,Two year,Female,0,11
CUST01000,0-12 Months,Month-to-month,Male,1,4
CUST01001,0-12 Months,Month-to-month,Female,1,8
CUST01002,0-12 Months,Month-to-month,Male,1,9
CUST01003,0-12 Months,Month-to-month,Female,1,1
CUST01004,0-12 Months,Month-to-month,Male,1,11
CUST01005,0-12 Months,Month-to-month,Male,0,12
CUST01006,0-12 Months,Month-to-month,Male,0,2
CUST01007,0-12 Months,One year,Male,0,4
CUST01008,0-12 Months,Month-to-month,Female,0,10
CUST01009,0-12 Months,Month-to-month,Male,0,10
CUST01010,0-12 Months,Month-to-month,Male,1,2
CUST01011,0-12 Months,Month-to-month,Male,1,12
CUST01012,0-12 Months,Month-to-month,Male,0,4
CUST01013,0-12 Months,Month-to-month,Male,1,4
CUST01014,0-12 Months,Two year,Male,0,5
CUST01015,0-12 Months,Month-to-month,Female,1,9
CUST01016,0-12 Months,Month-to-month,Male,1,3
CUST01017,0-12 Months,Month-to-month,Male,1,7
CUST01018,0-12 Months,Month-to-month,Male,0,1
CUST01019,0-12 Months,Month-to-month,Female,0,2
CUST01020,0-12 Months,Month-to-month,Male,0,10
CUST01021,0-12 Months,One year,Male,0,5
CUST01022,0-12 Months,Month-to-month,Male,1,10
CUST01023,0-12 Months,Two year,Female,0,9
CUST01024,0-12 Months,Month-to-month,Female,0,12
CUST01025,0-12 Months,Month-to-month,Female,1,2
CUST01026,0-12 Months,Month-to-month,Female,1,12
CUST01027,0-12 Months,One year,Male,0,11
CUST01028,0-12 Months,Month-to-month,Female,0,6
CUST01029,0-12 Months,Month-to-month,Male,0,2
CUST01030,0-12 Months,Month-to-month,Female,1,2
CUST01031,0-12 Months,Month-to-month,Female,0,7
CUST01032,0-12 Months,Month-to-month,Male,1,1
CUST01033,0-12 Months,Month-to-month,Female,1,2
CUST01034,0-12 Months,One year,Female,0,7
CUST01035,0-12 Months,Month-to-month,Female,0,7
CUST01036,0-12 Months,Month-to-month,Male,1,11
CUST01037,0-12 Months,Month-to-month,Male,1,12
CUST01038,0-12 Months,Month-to-month,Female,0,4
CUST01039,0-12 Months,Month-to-month,Male,0,4
CUST01040,0-12 Months,Month-to-month,Female,0,3
CUST01041,0-12 Months,Month-to-month,Male,0,3
CUST01042,0-12 Months,Month-to-month,Female,0,6
CUST01043,0-12 Months,Month-to-month,Male,0,12
CUST01044,0-12 Months,Month-to-month,Male,1,11
CUST01045,0-12 Months,Month-to-month,Female,0,11
CUST01046,0-12 Months,Month-to-month,Female,1,6
CUST01047,0-12 Months,Month-to-month,Female,0,8
CUST01048,0-12 Months,Month-to-month,Female,0,9
CUST01049,0-12 Months,One year,Female,0,3
CUST01050,0-12 Months,Month-to-month,Female,1,6
CUST01051,0-12 Months,Month-to-month,Male,1,7
CUST01052,0-12 Months,Month-to-month,Female,0,5
CUST01053,0-12 Months,Month-to-month,Male,0,6
CUST01054,0-12 Months,Month-to-month,Female,1,6
CUST01055,0-12 Months,Month-to-month,Male,0,1
CUST01056,0-12 Months,Month-to-month,Female,0,10
CUST01057,0-12 Months,One year,Male,0,11
CUST01058,0-12 Months,Month-to-month,Female,0,10
CUST01059,0-12 Months,Month-to-month,Female,1,12
CUST01060,0-12 Months,Month-to-month,Male,1,6
CUST01061,0-12 Months,Two year,Male,0,1
CUST01062,0-12 Months,Month-to-month,Male,1,4
CUST01063,0-12 Months,Month-to-month,Female,0,11
CUST01064,0-12 Months,Month-to-month,Female,1,2
CUST01065,0-12 Months,Month-to-month,Male,1,7
CUST01066,0-12 Months,Two year,Male,0,1
CUST01067,0-12 Months,Month-to-month,Male,0,4
CUST01068,0-12 Months,Month-to-month,Female,0,2
CUST01069,0-12 Months,Month-to-month,Female,1,2
CUST01070,0-12 Months,Month-to-month,Male,1,2
CUST01071,0-12 Months,One year,Male,0,7
CUST01072,0-12 Months,Month-to-month,Female,0,9
CUST01073,0-12 Months,Month-to-month,Male,0,4
CUST01074,0-12 Months,One year,Male,1,10
CUST01075,0-12 Months,One year,Female,1,5
CUST01076,0-12 Months,Month-to-month,Female,1,9
CUST01077,0-12 Months,Month-to-month,Male,1,7
CUST01078,0-12 Months,Month-to-month,Female,1,9
CUST01079,0-12 Months,Month-to-month,Male,0,12
CUST01080,0-12 Months,Month-to-month,Male,1,12
CUST01081,0-12 Months,Month-to-month,Female,0,8
CUST01082,0-12 Months,One year,Male,0,12
CUST01083,0-12 Months,One year,Female,0,9
CUST01084,0-12 Months,Month-to-month,Female,1,4
CUST01085,0-12 Months,Two year,Male,0,12
CUST01086,0-12 Months,Month-to-month,Male,0,2
CUST01087,0-12 Months,Month-to-month,Female,1,6
CUST01088,0-12 Months,Month-to-month,Male,0,2
CUST01089,0-12 Months,Month-to-month,Male,1,10
CUST01090,0-12 Months,Month-to-month,Male,0,11
CUST01091,0-12 Months,Month-to-month,Male,0,10
CUST01092,0-12 Months,Month-to-month,Female,1,2
CUST01093,0-12 Months,Month-to-month,Female,0,4
CUST01094,0-12 Months,Month-to-month,Male,0,5
CUST01095,0-12 Months,Month-to-month,Female,1,2
CUST01096,0-12 Months,Month-to-month,Male,1,7
CUST01097,0-12 Months,Month-to-month,Female,0,1
CUST01098,0-12 Months,Month-to-month,Female,1,8
CUST01099,0-12 Months,One year,Female,0,7
CUST01100,0-12 Months,Month-to-month,Female,0,8
CUST01101,0-12 Months,Month-to-month,Female,1,11
CUST01102,0-12 Months,Month-to-month,Male,0,10
CUST01103,0-12 Months,Month-to-month,Male,1,4
CUST01104,0-12 Months,Month-to-month,Female,0,7
CUST01105,0-12 Months,Month-to-month,Female,1,10
CUST01106,0-12 Months,Month-to-month,Male,0,11
CUST01107,0-12 Months,Month-to-month,Female,0,8
CUST01108,0-12 Months,Month-to-month,Male,0,2
CUST01109,0-12 Months,Two year,Male,0,6
CUST01110,0-12 Months,Month-to-month,Male,0,11
CUST01111,0-12 Months,Month-to-month,Male,0,1
CUST01112,0-12 Months,Month-to-month,Male,0,8
CUST01113,0-12 Months,Month-to-month,Male,0,7
CUST01114,0-12 Months,One year,Male,0,3
CUST01115,0-12 Months,Two year,Female,0,5
CUST01116,0-12 Months,Month-to-month,Female,1,12
CUST01117,0-12 Months,Month-to-month,Female,0,8
CUST01118,0-12 Months,Month-to-month,Female,1,12
CUST01119,0-12 Months,Month-to-month,Male,0,6
CUST01120,0-12 Months,One year,Female,0,11
CUST01121,0-12 Months,Month-to-month,Female,0,8
CUST01122,0-12 Months,Month-to-month,Female,0,11
CUST01123,0-12 Months,Month-to-month,Male,0,4
CUST01124,0-12 Months,Month-to-month,Male,0,5
CUST01125,0-12 Months,Month-to-month,Male,0,1
CUST01126,0-12 Months,Month-to-month,Female,0,3
CUST01127,0-12 Months,Month-to-month,Female,1,2
CUST01128,0-12 Months,Month-to-month,Male,0,3
CUST01129,0-12 Months,Month-to-month,Male,0,4
CUST01130,0-12 Months,Two year,Male,0,11
CUST01131,0-12 Months,Two year,Male,0,5
CUST01132,0-12 Months,Month-to-month,Female,0,10
CUST01133,0-12 Months,Month-to-month,Male,0,10
CUST01134,0-12 Months,Month-to-month,Male,0,12
CUST01135,0-12 Months,Two year,Male,0,7
CUST01136,0-12 Months,Month-to-month,Male,1,11
CUST01137,0-12 Months,Month-to-month,Female,0,6
CUST01138,0-12 Months,Month-to-month,Female,1,8
CUST01139,0-12 Months,Month-to-month,Male,0,10
CUST01140,0-12 Months,Month-to-month,Male,1,2
CUST01141,0-12 Months,Month-to-month,Female,1,1
CUST01142,0-12 Months,Month-to-month,Female,1,2
CUST01143,0-12 Months,Month-to-month,Male,0,9
CUST01144,0-12 Months,Month-to-month,Female,1,6
CUST01145,0-12 Months,Month-to-month,Female,0,4
CUST01146,0-12 Months,Month-to-month,Male,0,10
CUST01147,0-12 Months,Month-to-month,Male,1,1
CUST01148,0-12 Months,Month-to-month,Male,0,3
CUST01149,0-12 Months,Month-to-month,Male,1,6
CUST01150,0-12 Months,One year,Female,0,11
CUST01151,0-12 Months,Month-to-month,Male,1,9
CUST01152,0-12 Months,One year,Male,0,9
CUST01153,0-12 Months,Month-to-month,Male,0,9
CUST01154,0-12 Months,Month-to-month,Male,1,4
CUST01155,0-12 Months,Month-to-month,Female,0,6
CUST01156,0-12 Months,Month-to-month,Female,1,11
CUST01157,0-12 Months,Month-to-month,Female,1,9
CUST01158,0-12 Months,Month-to-month,Female,1,8
CUST01159,0-12 Months,Month-to-month,Male,1,1
CUST01160,0-12 Months,Month-to-month,Female,1,9
CUST01161,0-12 Months,Month-to-month,Male,0,5
CUST01162,0-12 Months,Month-to-month,Female,0,5
CUST01163,0-12 Months,Month-to-month,Female,0,9
CUST01164,0-12 Months,Month-to-month,Female,0,5
CUST01165,0-12 Months,Month-to-month,Female,1,7
CUST01166,0-12 Months,One year,Male,0,1
CUST01167,0-12 Months,Month-to-month,Male,1,3
CUST01168,0-12 Months,Month-to-month,Female,1,7
CUST01169,0-12 Months,Month-to-month,Male,0,12
CUST01170,0-12 Months,Month-to-month,Male,1,10
CUST01171,0-12 Months,Month-to-month,Male,1,6
CUST01172,0-12 Months,Month-to-month,Female,0,12
CUST01173,0-12 Months,Month-to-month,Female,1,4
CUST01174,0-12 Months,Month-to-month,Male,1,11
CUST01175,0-12 Months,Month-to-month,Male,0,5
CUST01176,0-12 Months,Month-to-month,Female,0,2
CUST01177,0-12 Months,Month-to-month,Male,1,1
CUST01178,0-12 Months,Month-to-month,Female,0,12
CUST01179,0-12 Months,Month-to-month,Male,0,8
CUST01180,0-12 Months,Month-to-month,Female,1,2
CUST01181,0-12 Months,Month-to-month,Male,0,12
CUST01182,0-12 Months,Month-to-month,Female,1,1
CUST01183,0-12 Months,Month-to-month,Female,1,5
CUST01184,0-12 Months,Month-to-month,Male,0,9
CUST01185,0-12 Months,Month-to-month,Female,1,1
CUST01186,0-12 Months,Month-to-month,Male,0,11
CUST01187,0-12 Months,Month-to-month,Male,0,9
CUST01188,0-12 Months,Two year,Female,0,12
CUST01189,0-12 Months,Month-to-month,Female,1,11
CUST01190,0-12 Months,Month-to-month,Male,1,10
CUST01191,0-12 Months,Month-to-month,Male,1,3
CUST01192,0-12 Months,Month-to-month,Male,1,3
CUST01193,0-12 Months,One year,Female,0,3
CUST01194,0-12 Months,Two year,Male,0,2
CUST01195,0-12 Months,One year,Male,0,8
CUST01196,0-12 Months,Month-to-month,Male,1,1
CUST01197,0-12 Months,Month-to-month,Female,0,6
CUST01198,0-12 Months,Month-to-month,Female,0,7
CUST01199,0-12 Months,Month-to-month,Male,0,7
CUST01200,0-12 Months,Month-to-month,Male,0,6
CUST01201,0-12 Months,Month-to-month,Female,1,3
CUST01202,0-12 Months,Month-to-month,Male,0,2
CUST01203,0-12 Months,Month-to-month,Female,1,12
CUST01204,0-12 Months,Month-to-month,Female,0,6
CUST01205,0-12 Months,Month-to-month,Female,1,8
CUST01206,0-12 Months,Month-to-month,Female,1,7
CUST01207,0-12 Months,Month-to-month,Female,0,5
CUST01208,0-12 Months,Month-to-month,Female,0,9
CUST01209,0-12 Months,Month-to-month,Female,0,5
CUST01210,0-12 Months,Month-to-month,Male,1,5
CUST01211,0-12 Months,Month-to-month,Male,1,10
CUST01212,0-12 Months,Month-to-month,Male,1,4
CUST01213,0-12 Months,Month-to-month,Female,1,9
CUST01214,0-12 Months,Month-to-month,Male,1,8
CUST01215,0-12 Months,Month-to-month,Female,0,1
CUST01216,0-12 Months,Month-to-month,Male,1,9
CUST01217,0-12 Months,Month-to-month,Male,1,10
CUST01218,0-12 Months,Month-to-month,Female,1,4
CUST01219,0-12 Months,Month-to-month,Female,1,11
CUST01220,0-12 Months,Month-to-month,Male,1,1
CUST01221,0-12 Months,Month-to-month,Male,1,3
CUST01222,0-12 Months,Month-to-month,Male,0,12
CUST01223,0-12 Months,One year,Male,0,11
CUST01224,0-12 Months,Month-to-month,Male,1,10
CUST01225,0-12 Months,Month-to-month,Female,1,8
CUST01226,0-12 Months,One year,Male,0,3
CUST01227,0-12 Months,Month-to-month,Female,1,6
CUST01228,0-12 Months,Month-to-month,Female,0,7
CUST01229,0-12 Months,One year,Female,0,2
CUST01230,0-12 Months,Month-to-month,Male,1,8
CUST01231,0-12 Months,Month-to-month,Male,1,2
CUST01232,0-12 Months,Month-to-month,Female,1,2
CUST01233,0-12 Months,Month-to-month,Female,0,3
CUST01234,0-12 Months,Month-to-month,Female,0,3
CUST01235,0-12 Months,Month-to-month,Male,0,1
CUST01236,0-12 Months,Month-to-month,Male,1,12
CUST01237,0-12 Months,Month-to-month,Female,1,10
CUST01238,0-12 Months,Month-to-month,Female,0,7
CUST01239,0-12 Months,Month-to-month,Male,1,5
CUST01240,0-12 Months,Month-to-month,Female,1,3
CUST01241,0-12 Months,One year,Male,0,12
CUST01242,0-12 Months,Month-to-month,Female,1,10
CUST01243,0-12 Months,Month-to-month,Female,0,10
CUST01244,0-12 Months,Month-to-month,Female,1,6
CUST01245,0-12 Months,Month-to-month,Male,1,1
CUST01246,0-12 Months,Month-to-month,Female,1,8
CUST01247,0-12 Months,Month-to-month,Female,0,6
CUST01248,0-12 Months,Month-to-month,Male,1,4
CUST01249,0-12 Months,One year,Male,0,4
CUST01250,0-12 Months,One year,Female,0,1
CUST01251,0-12 Months,Month-to-month,Female,1,11
CUST01252,0-12 Months,Month-to-month,Male,0,2
CUST01253,0-12 Months,Month-to-month,Female,1,10
CUST01254,0-12 Months,Month-to-month,Male,1,12
CUST01255,0-12 Months,Month-to-month,Female,1,1
CUST01256,0-12 Months,One year,Female,0,8
CUST01257,0-12 Months,Month-to-month,Female,0,1
CUST01258,0-12 Months,Month-to-month,Male,1,10
CUST01259,0-12 Months,Month-to-month,Female,1,7
CUST01260,0-12 Months,Two year,Female,0,1
CUST01261,0-12 Months,Month-to-month,Female,0,10
CUST01262,0-12 Months,Month-to-month,Male,1,10
CUST01263,0-12 Months,Month-to-month,Female,0,12
CUST01264,0-12 Months,One year,Male,0,6
CUST01265,0-12 Months,Month-to-month,Male,0,12
CUST01266,0-12 Months,Month-to-month,Female,0,8
CUST01267,0-12 Months,Month-to-month,Male,1,7
CUST01268,0-12 Months,Two year,Male,0,5
CUST01269,0-12 Months,Month-to-month,Female,1,4
CUST01270,0-12 Months,Month-to-month,Female,1,8
CUST01271,0-12 Months,Two year,Female,1,9
CUST01272,0-12 Months,Month-to-month,Female,1,1
CUST01273,0-12 Months,Month-to-month,Male,0,5
CUST01274,0-12 Months,Month-to-month,Male,1,1
CUST01275,0-12 Months,Month-to-month,Male,1,5
CUST01276,0-12 Months,Month-to-month,Female,0,10
CUST01277,0-12 Months,Month-to-month,Female,1,9
CUST01278,0-12 Months,Month-to-month,Female,0,2
CUST01279,0-12 Months,One year,Male,0,9
CUST01280,0-12 Months,Month-to-month,Female,1,1
CUST01281,0-12 Months,Month-to-month,Male,0,1
CUST01282,0-12 Months,Month-to-month,Male,1,11
CUST01283,0-12 Months,Month-to-month,Female,1,1
CUST01284,0-12 Months,Month-to-month,Male,0,4
CUST01285,0-12 Months,One year,Male,0,2
CUST01286,0-12 Months,One year,Male,0,7
CUST01287,0-12 Months,Month-to-month,Female,0,7
CUST01288,0-12 Months,Month-to-month,Female,0,11
CUST01289,0-12 Months,Month-to-month,Male,1,12
CUST01290,0-12 Months,Month-to-month,Female,0,9
CUST01291,0-12 Months,Month-to-month,Male,0,6
CUST01292,0-12 Months,Month-to-month,Female,1,1
CUST01293,0-12 Months,Month-to-month,Male,0,12
CUST01294,0-12 Months,Month-to-month,Male,0,7
CUST01295,0-12 Months,Month-to-month,Female,0,3
CUST01296,0-12 Months,Month-to-month,Female,0,7
CUST01297,0-12 Months,Month-to-month,Male,0,5
CUST01298,0-12 Months,Month-to-month,Female,0,5
CUST01299,0-12 Months,Month-to-month,Male,1,6
CUST01300,0-12 Months,Month-to-month,Male,1,10
CUST01301,0-12 Months,Month-to-month,Female,1,2
CUST01302,0-12 Months,Month-to-month,Male,1,12
CUST01303,0-12 Months,Month-to-month,Male,0,1
CUST01304,0-12 Months,Month-to-month,Male,1,2
CUST01305,0-12 Months,Month-to-month,Female,1,9
CUST01306,0-12 Months,One year,Female,1,2
CUST01307,0-12 Months,Month-to-month,Female,0,10
CUST01308,0-12 Months,Month-to-month,Male,0,9
CUST01309,0-12 Months,Month-to-month,Male,1,6
CUST01310,0-12 Months,One year,Male,0,6
CUST01311,0-12 Months,Month-to-month,Female,1,12
CUST01312,0-12 Months,One year,Male,0,10
CUST01313,0-12 Months,Month-to-month,Male,1,8
CUST01314,0-12 Months,Month-to-month,Male,1,2
CUST01315,0-12 Months,Month-to-month,Female,1,8
CUST01316,0-12 Months,Month-to-month,Male,0,1
CUST01317,0-12 Months,Month-to-month,Female,1,4
CUST01318,0-12 Months,Month-to-month,Female,1,9
CUST01319,0-12 Months,Month-to-month,Male,0,5
CUST01320,0-12 Months,One year,Female,1,12
CUST01321,0-12 Months,Month-to-month,Female,0,12
CUST01322,0-12 Months,Month-to-month,Male,1,2
CUST01323,0-12 Months,Month-to-month,Male,0,11
CUST01324,0-12 Months,Month-to-month,Female,0,11
CUST01325,0-12 Months,Month-to-month,Male,1,2
CUST01326,0-12 Months,One year,Female,0,5
CUST01327,0-12 Months,Month-to-month,Female,0,12
CUST01328,0-12 Months,Month-to-month,Female,1,1
CUST01329,0-12 Months,Month-to-month,Male,1,1
CUST01330,0-12 Months,Month-to-month,Female,1,7
CUST01331,0-12 Months,Month-to-month,Female,1,12
CUST01332,0-12 Months,Month-to-month,Male,1,4
CUST01333,0-12 Months,Month-to-month,Male,0,10
CUST01334,0-12 Months,Two year,Male,0,9
CUST01335,0-12 Months,Two year,Male,0,2
CUST01336,0-12 Months,One year,Female,0,4
CUST01337,0-12 Months,Month-to-month,Female,1,8
CUST01338,0-12 Months,Month-to-month,Male,1,6
CUST01339,0-12 Months,One year,Male,0,3
CUST01340,0-12 Months,Month-to-month,Female,1,3
CUST01341,0-12 Months,Month-to-month,Female,0,7
CUST01342,0-12 Months,Month-to-month,Female,1,10
CUST01343,0-12 Months,Month-to-month,Female,1,5
CUST01344,0-12 Months,Month-to-month,Male,1,12
CUST01345,0-12 Months,Two year,Male,0,9
CUST01346,0-12 Months,Month-to-month,Female,0,5
CUST01347,0-12 Months,Month-to-month,Male,0,9
CUST01348,0-12 Months,Month-to-month,Male,0,6
CUST01349,0-12 Months,Month-to-month,Female,1,10
CUST01350,0-12 Months,Month-to-month,Female,1,12
CUST01351,0-12 Months,Month-to-month,Male,0,10
CUST01352,0-12 Months,Month-to-month,Female,1,2
CUST01353,0-12 Months,Month-to-month,Male,1,1
CUST01354,0-12 Months,Month-to-month,Male,1,10
CUST01355,0-12 Months,One year,Male,0,11
CUST01356,0-12 Months,Month-to-month,Male,1,7
CUST01357,0-12 Months,Month-to-month,Male,0,3
CUST01358,0-12 Months,Month-to-month,Male,1,11
CUST01359,0-12 Months,Month-to-month,Female,0,6
CUST01360,0-12 Months,Month-to-month,Male,1,4
CUST01361,0-12 Months,Month-to-month,Male,1,5
CUST01362,0-12 Months,Month-to-month,Male,1,4
CUST01363,0-12 Months,Month-to-month,Male,1,4
CUST01364,0-12 Months,Month-to-month,Female,0,4
CUST01365,0-12 Months,Month-to-month,Male,0,9
CUST01366,0-12 Months,Month-to-month,Male,0,1
CUST01367,0-12 Months,Month-to-month,Male,1,5
CUST01368,0-12 Months,Month-to-month,Male,0,3
CUST01369,0-12 Months,Month-to-month,Male,0,8
CUST01370,0-12 Months,Month-to-month,Male,0,12
CUST01371,0-12 Months,Month-to-month,Female,0,10
CUST01372,0-12 Months,One year,Female,0,3
CUST01373,0-12 Months,Month-to-month,Male,1,7
CUST01374,0-12 Months,Month-to-month,Male,1,1
CUST01375,0-12 Months,Two year,Male,0,5
CUST01376,0-12 Months,Month-to-month,Female,1,4
CUST01377,0-12 Months,Month-to-month,Female,1,7
CUST01378,0-12 Months,One year,Female,0,5
CUST01379,0-12 Months,Month-to-month,Male,1,9
CUST01380,0-12 Months,Month-to-month,Male,1,7
CUST01381,0-12 Months,Month-to-month,Male,0,12
CUST01382,0-12 Months,Month-to-month,Female,0,1
CUST01383,0-12 Months,Month-to-month,Male,1,12
CUST01384,0-12 Months,Two year,Male,0,10
CUST01385,0-12 Months,Two year,Female,0,9
CUST01386,0-12 Months,Month-to-month,Male,1,10
CUST01387,0-12 Months,Month-to-month,Male,1,1
CUST01388,0-12 Months,Month-to-month,Female,1,3
CUST01389,0-12 Months,One year,Female,0,1
CUST01390,0-12 Months,Month-to-month,Male,1,10
CUST01391,0-12 Months,One year,Male,0,5
CUST01392,0-12 Months,Month-to-month,Male,0,5
CUST01393,0-12 Months,Month-to-month,Male,0,8
CUST01394,0-12 Months,Month-to-month,Female,1,6
CUST01395,0-12 Months,Month-to-month,Male,0,8
CUST01396,0-12 Months,Month-to-month,Male,0,12
CUST01397,0-12 Months,Month-to-month,Female,1,4
CUST01398,0-12 Months,One year,Male,0,11
CUST01399,0-12 Months,Month-to-month,Female,1,7
CUST01400,0-12 Months,Month-to-month,Female,1,5
CUST01401,0-12 Months,Month-to-month,Female,1,12
CUST01402,0-12 Months,Month-to-month,Male,1,6
CUST01403,0-12 Months,Two year,Female,0,2
CUST01404,0-12 Months,Month-to-month,Female,1,4
CUST01405,0-12 Months,Month-to-month,Male,0,11
CUST01406,0-12 Months,Month-to-month,Female,1,7
CUST01407,0-12 Months,Two year,Male,0,7
CUST01408,0-12 Months,Month-to-month,Male,1,9
CUST01409,0-12 Months,One year,Female,0,3
CUST01410,0-12 Months,Month-to-month,Female,1,2
CUST01411,0-12 Months,Month-to-month,Male,1,6
CUST01412,0-12 Months,Two year,Female,0,12
CUST01413,0-12 Months,Month-to-month,Female,0,2
CUST01414,0-12 Months,One year,Male,0,9
CUST01415,0-12 Months,Month-to-month,Male,0,12
CUST01416,0-12 Months,Month-to-month,Male,0,2
CUST01417,0-12 Months,Month-to-month,Male,1,2
CUST01418,0-12 Months,Month-to-month,Male,1,11
CUST01419,0-12 Months,One year,Male,0,2
CUST01420,0-12 Months,Two year,Male,0,9
CUST01421,0-12 Months,Month-to-month,Male,1,10
CUST01422,0-12 Months,Month-to-month,Male,1,4
CUST01423,0-12 Months,Month-to-month,Male,0,4
CUST01424,0-12 Months,Month-to-month,Female,1,7
CUST01425,0-12 Months,Month-to-month,Male,1,7
CUST01426,0-12 Months,Month-to-month,Male,1,11
CUST01427,0-12 Months,Month-to-month,Female,0,8
CUST01428,0-12 Months,Month-to-month,Female,0,12
CUST01429,0-12 Months,Month-to-month,Male,0,3
CUST01430,0-12 Months,Month-to-month,Female,1,4
CUST01431,0-12 Months,One year,Female,0,3
CUST01432,0-12 Months,Month-to-month,Female,0,8
CUST01433,0-12 Months,Month-to-month,Female,1,1
CUST01434,0-12 Months,Month-to-month,Male,0,11
CUST01435,0-12 Months,Month-to-month,Female,1,10
CUST01436,0-12 Months,Two year,Female,0,12
CUST01437,0-12 Months,Month-to-month,Male,1,12
CUST01438,0-12 Months,Month-to-month,Female,1,1
CUST01439,0-12 Months,One year,Female,1,9
CUST01440,0-12 Months,Two year,Male,0,7
CUST01441,0-12 Months,Month-to-month,Male,0,9
CUST01442,0-12 Months,Month-to-month,Male,1,11
CUST01443,0-12 Months,Month-to-month,Male,1,7
CUST01444,0-12 Months,Month-to-month,Male,1,1
CUST01445,0-12 Months,Month-to-month,Female,1,11
CUST01446,0-12 Months,Month-to-month,Male,0,6
CUST01447,0-12 Months,One year,Male,0,6
CUST01448,0-12 Months,Month-to-month,Female,1,8
CUST01449,0-12 Months,Month-to-month,Male,1,11
CUST01450,0-12 Months,Month-to-month,Female,1,7
CUST01451,0-12 Months,Month-to-month,Male,0,3
CUST01452,0-12 Months,Month-to-month,Male,1,9
CUST01453,0-12 Months,One year,Male,0,8
CUST01454,0-12 Months,One year,Female,0,1
CUST01455,0-12 Months,Month-to-month,Male,1,7
CUST01456,0-12 Months,Month-to-month,Male,1,10
CUST01457,0-12 Months,Month-to-month,Female,1,11
CUST01458,0-12 Months,Month-to-month,Female,1,4
CUST01459,0-12 Months,One year,Male,0,7
CUST01460,0-12 Months,Month-to-month,Female,0,10
CUST01461,0-12 Months,Month-to-month,Male,0,8
CUST01462,0-12 Months,Month-to-month,Male,1,6
CUST01463,0-12 Months,Month-to-month,Female,0,3
CUST01464,0-12 Months,Month-to-month,Male,1,1
CUST01465,0-12 Months,Month-to-month,Female,0,9
CUST01466,0-12 Months,Month-to-month,Male,1,12
CUST01467,0-12 Months,Month-to-month,Male,0,8
CUST01468,0-12 Months,Month-to-month,Female,1,10
CUST01469,0-12 Months,Month-to-month,Male,1,9
CUST01470,0-12 Months,Month-to-month,Male,1,5
CUST01471,0-12 Months,One year,Male,0,7
CUST01472,0-12 Months,Month-to-month,Female,0,4
CUST01473,0-12 Months,Month-to-month,Male,0,3
CUST01474,0-12 Months,Month-to-month,Male,1,8
CUST01475,0-12 Months,Month-to-month,Female,0,8
CUST01476,0-12 Months,Month-to-month,Male,1,12
CUST01477,0-12 Months,Month-to-month,Female,1,3
CUST01478,0-12 Months,Two year,Male,0,4
CUST01479,0-12 Months,Month-to-month,Female,0,2
CUST01480,0-12 Months,Month-to-month,Male,0,12
CUST01481,0-12 Months,Month-to-month,Female,1,10
CUST01482,0-12 Months,Month-to-month,Female,0,4
CUST01483,0-12 Months,Month-to-month,Male,0,12
CUST01484,0-12 Months,Month-to-month,Male,0,9
CUST01485,0-12 Months,Month-to-month,Male,0,6
CUST01486,0-12 Months,Month-to-month,Male,0,5
CUST01487,0-12 Months,Two year,Female,0,7
CUST01488,0-12 Months,Month-to-month,Male,0,2
CUST01489,0-12 Months,One year,Female,0,3
CUST01490,0-12 Months,Month-to-month,Female,1,12
CUST01491,0-12 Months,Month-to-month,Male,0,3
CUST01492,0-12 Months,Month-to-month,Male,0,2
CUST01493,0-12 Months,Month-to-month,Female,0,11
CUST01494,0-12 Months,Month-to-month,Female,0,12
CUST01495,0-12 Months,Month-to-month,Male,1,10
CUST01496,0-12 Months,Month-to-month,Female,0,2
CUST01497,0-12 Months,One year,Female,0,11
CUST01498,0-12 Months,Month-to-month,Female,0,4
CUST01499,0-12 Months,Month-to-month,Female,1,1
CUST01500,0-12 Months,Month-to-month,Female,0,12
CUST01501,0-12 Months,Month-to-month,Male,0,4
CUST01502,0-12 Months,Two year,Female,0,8
CUST01503,0-12 Months,Month-to-month,Male,0,1
CUST01504,0-12 Months,Month-to-month,Male,0,3
CUST01505,0-12 Months,Month-to-month,Male,0,11
CUST01506,0-12 Months,Month-to-month,Male,1,8
CUST01507,0-12 Months,Month-to-month,Male,0,12
CUST01508,0-12 Months,Month-to-month,Male,1,3
CUST01509,0-12 Months,Month-to-month,Male,1,11
CUST01510,0-12 Months,Month-to-month,Male,0,11
CUST01511,0-12 Months,Month-to-month,Male,0,12
CUST01512,0-12 Months,Month-to-month,Male,0,1
CUST01513,0-12 Months,Month-to-month,Female,0,2
CUST01514,0-12 Months,Month-to-month,Male,1,7
CUST01515,0-12 Months,One year,Male,0,2
CUST01516,0-12 Months,Month-to-month,Female,0,1
CUST01517,0-12 Months,Month-to-month,Male,1,10
CUST01518,0-12 Months,Two year,Female,0,9
CUST01519,0-12 Months,Month-to-month,Female,0,11
CUST01520,0-12 Months,Month-to-month,Male,0,12
CUST01521,0-12 Months,Month-to-month,Female,0,2
CUST01522,0-12 Months,Month-to-month,Female,0,10
CUST01523,0-12 Months,One year,Female,0,1
CUST01524,0-12 Months,Month-to-month,Male,0,5
CUST01525,0-12 Months,Month-to-month,Female,1,4
CUST01526,0-12 Months,Month-to-month,Male,0,3
CUST01527,0-12 Months,Month-to-month,Male,1,9
CUST01528,0-12 Months,Month-to-month,Male,1,2
CUST01529,0-12 Months,Month-to-month,Male,1,10
CUST01530,0-12 Months,Month-to-month,Male,1,11
CUST01531,0-12 Months,Month-to-month,Female,0,8
CUST01532,0-12 Months,Month-to-month,Male,1,1
CUST01533,0-12 Months,Month-to-month,Male,0,8
CUST01534,0-12 Months,Month-to-month,Female,1,8
CUST01535,0-12 Months,Month-to-month,Female,0,5
CUST01536,0-12 Months,Month-to-month,Male,0,5
CUST01537,0-12 Months,Month-to-month,Female,0,6
CUST01538,0-12 Months,Month-to-month,Male,1,12
CUST01539,0-12 Months,Month-to-month,Female,0,1
CUST01540,0-12 Months,Month-to-month,Male,1,7
CUST01541,0-12 Months,Month-to-month,Female,1,4
CUST01542,0-12 Months,Month-to-month,Male,1,7
CUST01543,0-12 Months,Month-to-month,Female,1,1
CUST01544,0-12 Months,Month-to-month,Female,0,12
CUST01545,0-12 Months,Month-to-month,Female,1,6
CUST01546,0-12 Months,Month-to-month,Female,1,12
CUST01547,0-12 Months,Month-to-month,Male,1,2
CUST01548,0-12 Months,Month-to-month,Male,0,8
CUST01549,0-12 Months,Month-to-month,Female,0,9
CUST01550,0-12 Months,Month-to-month,Male,0,10
CUST01551,0-12 Months,Month-to-month,Female,0,1
CUST01552,0-12 Months,Month-to-month,Female,0,8
CUST01553,0-12 Months,Month-to-month,Male,1,2
CUST01554,0-12 Months,Month-to-month,Male,0,6
CUST01555,0-12 Months,Month-to-month,Male,1,1
CUST01556,0-12 Months,Month-to-month,Female,0,1
CUST01557,0-12 Months,One year,Female,1,10
CUST01558,0-12 Months,Month-to-month,Male,0,9
CUST01559,0-12 Months,Month-to-month,Female,1,11
CUST01560,0-12 Months,One year,Female,1,9
CUST01561,0-12 Months,Two year,Male,0,8
CUST01562,0-12 Months,Month-to-month,Male,0,2
CUST01563,0-12 Months,One year,Female,0,10
CUST01564,0-12 Months,One year,Female,0,3
CUST01565,0-12 Months,Month-to-month,Male,1,2
CUST01566,0-12 Months,Month-to-month,Female,1,9
CUST01567,0-12 Months,Month-to-month,Female,1,8
CUST01568,0-12 Months,Month-to-month,Female,1,2
CUST01569,0-12 Months,Month-to-month,Male,0,7
CUST01570,0-12 Months,Month-to-month,Male,1,9
CUST01571,0-12 Months,Month-to-month,Female,0,6
CUST01572,0-12 Months,Month-to-month,Female,0,9
CUST01573,0-12 Months,Month-to-month,Male,1,7
CUST01574,0-12 Months,Month-to-month,Male,1,5
CUST01575,0-12 Months,Month-to-month,Male,1,3
CUST01576,0-12 Months,Month-to-month,Female,1,4
CUST01577,0-12 Months,Month-to-month,Male,1,10
CUST01578,0-12 Months,Month-to-month,Male,1,5
CUST01579,0-12 Months,Two year,Male,0,9
CUST01580,0-12 Months,One year,Female,0,5
CUST01581,0-12 Months,One year,Male,0,7
CUST01582,0-12 Months,Month-to-month,Female,1,8
CUST01583,0-12 Months,Month-to-month,Female,0,6
CUST01584,0-12 Months,Month-to-month,Female,0,9
CUST01585,0-12 Months,Month-to-month,Male,0,12
CUST01586,0-12 Months,One year,Female,0,11
CUST01587,0-12 Months,Month-to-month,Male,1,12
CUST01588,0-12 Months,Month-to-month,Male,1,1
CUST01589,0-12 Months,Month-to-month,Male,1,10
CUST01590,0-12 Months,Month-to-month,Female,1,9
CUST01591,0-12 Months,Month-to-month,Male,0,5
CUST01592,0-12 Months,Month-to-month,Female,0,4
CUST01593,0-12 Months,One year,Female,0,1
CUST01594,0-12 Months,Month-to-month,Female,1,11
CUST01595,0-12 Months,Month-to-month,Female,1,11
CUST01596,0-12 Months,Month-to-month,Male,0,1
CUST01597,0-12 Months,Month-to-month,Female,1,7
CUST01598,0-12 Months,Month-to-month,Female,1,7
CUST01599,0-12 Months,Month-to-month,Male,1,3
CUST01600,0-12 Months,Month-to-month,Female,1,7
CUST01601,0-12 Months,One year,Female,1,10
CUST01602,0-12 Months,Month-to-month,Female,1,4
CUST01603,0-12 Months,Month-to-month,Female,1,9
CUST01604,0-12 Months,Month-to-month,Male,0,12
CUST01605,0-12 Months,Month-to-month,Female,1,6
CUST01606,0-12 Months,Month-to-month,Female,1,2
CUST01607,0-12 Months,Two year,Male,0,4
CUST01608,0-12 Months,Month-to-month,Female,0,2
CUST01609,0-12 Months,Month-to-month,Male,0,5
CUST01610,0-12 Months,Month-to-month,Male,1,8
CUST01611,0-12 Months,Month-to-month,Female,0,3
CUST01612,0-12 Months,Month-to-month,Female,1,7
CUST01613,0-12 Months,Month-to-month,Female,1,12
CUST01614,0-12 Months,Month-to-month,Female,1,4
CUST01615,0-12 Months,Month-to-month,Female,1,11
CUST01616,0-12 Months,Month-to-month,Male,1,4
CUST01617,0-12 Months,Month-to-month,Female,0,8
CUST01618,0-12 Months,Month-to-month,Female,0,2
CUST01619,0-12 Months,Two year,Female,0,4
CUST01620,0-12 Months,Month-to-month,Male,1,11
CUST01621,0-12 Months,Month-to-month,Male,1,8
CUST01622,0-12 Months,Month-to-month,Female,1,7
CUST01623,0-12 Months,Month-to-month,Male,0,7
CUST01624,0-12 Months,Month-to-month,Female,0,3
CUST01625,0-12 Months,Month-to-month,Male,1,12
CUST01626,0-12 Months,Month-to-month,Male,0,5
CUST01627,0-12 Months,Month-to-month,Male,1,1
CUST01628,0-12 Months,Month-to-month,Female,0,11
CUST01629,0-12 Months,Month-to-month,Female,0,1
CUST01630,0-12 Months,Month-to-month,Male,1,11
CUST01631,0-12 Months,Month-to-month,Female,0,4
CUST01632,0-12 Months,One year,Female,0,1
CUST01633,0-12 Months,Month-to-month,Male,0,3
CUST01634,0-12 Months,Month-to-month,Male,0,8
CUST01635,0-12 Months,Two year,Male,0,7
CUST01636,0-12 Months,Month-to-month,Male,1,2
CUST01637,0-12 Months,Month-to-month,Male,0,4
CUST01638,0-12 Months,One year,Female,0,3
CUST01639,0-12 Months,Month-to-month,Male,1,8
CUST01640,0-12 Months,Month-to-month,Male,0,11
CUST01641,0-12 Months,Month-to-month,Male,1,4
CUST01642,0-12 Months,Month-to-month,Female,0,11
CUST01643,0-12 Months,Month-to-month,Female,0,5
CUST01644,0-12 Months,Month-to-month,Male,0,1
CUST01645,0-12 Months,Month-to-month,Female,1,4
CUST01646,0-12 Months,Month-to-month,Female,0,11
CUST01647,0-12 Months,Month-to-month,Male,1,10
CUST01648,0-12 Months,Month-to-month,Male,1,9
CUST01649,0-12 Months,One year,Female,0,5
CUST01650,0-12 Months,Month-to-month,Female,1,10
CUST01651,0-12 Months,Month-to-month,Female,0,9
CUST01652,0-12 Months,Month-to-month,Male,1,10
CUST01653,0-12 Months,Month-to-month,Female,0,7
CUST01654,0-12 Months,Month-to-month,Female,1,7
CUST01655,0-12 Months,One year,Female,0,12
CUST01656,0-12 Months,Month-to-month,Female,1,12
CUST01657,0-12 Months,Month-to-month,Female,1,7
CUST01658,0-12 Months,Month-to-month,Female,0,3
CUST01659,0-12 Months,Month-to-month,Male,0,5
CUST01660,0-12 Months,Month-to-month,Female,1,7
CUST01661,0-12 Months,Month-to-month,Female,0,9
CUST01662,0-12 Months,Month-to-month,Female,1,4
CUST01663,0-12 Months,Month-to-month,Female,1,1
CUST01664,0-12 Months,Month-to-month,Female,0,10
CUST01665,0-12 Months,One year,Female,0,12
CUST01666,0-12 Months,One year,Female,0,1
CUST01667,0-12 Months,Month-to-month,Female,0,4
CUST01668,0-12 Months,Month-to-month,Male,0,6
CUST01669,0-12 Months,Month-to-month,Female,1,10
CUST01670,0-12 Months,One year,Male,0,10
CUST01671,0-12 Months,Month-to-month,Male,1,5
CUST01672,0-12 Months,Month-to-month,Female,1,4
CUST01673,0-12 Months,Month-to-month,Female,1,5
CUST01674,0-12 Months,Month-to-month,Female,1,3
CUST01675,0-12 Months,Month-to-month,Female,0,6
CUST01676,0-12 Months,One year,Male,0,4
CUST01677,0-12 Months,Month-to-month,Female,1,1
CUST01678,0-12 Months,Month-to-month,Male,0,9
CUST01679,0-12 Months,One year,Female,0,10
CUST01680,0-12 Months,Month-to-month,Male,1,4
CUST01681,0-12 Months,Month-to-month,Male,1,5
CUST01682,0-12 Months,Month-to-month,Male,0,5
CUST01683,0-12 Months,Month-to-month,Male,1,1
CUST01684,0-12 Months,Month-to-month,Male,1,7
CUST01685,0-12 Months,Month-to-month,Female,1,6
CUST01686,0-12 Months,Month-to-month,Female,0,12
CUST01687,0-12 Months,Month-to-month,Female,0,5
CUST01688,0-12 Months,Month-to-month,Female,1,10
CUST01689,0-12 Months,Month-to-month,Male,1,5
CUST01690,0-12 Months,Month-to-month,Female,1,3
CUST01691,0-12 Months,Month-to-month,Female,1,5
CUST01692,0-12 Months,One year,Male,0,11
CUST01693,0-12 Months,Month-to-month,Female,1,4
CUST01694,0-12 Months,Month-to-month,Male,0,11
CUST01695,0-12 Months,Month-to-month,Female,1,8
CUST01696,0-12 Months,Month-to-month,Male,1,9
CUST01697,0-12 Months,Month-to-month,Male,0,10
CUST01698,0-12 Months,Month-to-month,Female,1,7
CUST01699,0-12 Months,Two year,Male,0,8
CUST01700,0-12 Months,Month-to-month,Female,1,1
CUST01701,0-12 Months,One year,Male,0,9
CUST01702,0-12 Months,Two year,Male,1,9
CUST01703,0-12 Months,Month-to-month,Female,1,2
CUST01704,0-12 Months,Month-to-month,Male,1,7
CUST01705,0-12 Months,Month-to-month,Male,0,7
CUST01706,0-12 Months,Two year,Male,0,4
CUST01707,0-12 Months,Month-to-month,Male,1,1
CUST01708,0-12 Months,Month-to-month,Male,0,1
CUST01709,0-12 Months,One year,Female,1,3
CUST01710,0-12 Months,Month-to-month,Male,1,3
CUST01711,0-12 Months,Month-to-month,Male,0,3
CUST01712,0-12 Months,Month-to-month,Female,1,8
CUST01713,0-12 Months,Two year,Female,0,6
CUST01714,0-12 Months,One year,Female,0,2
CUST01715,0-12 Months,Month-to-month,Female,1,2
CUST01716,0-12 Months,Month-to-month,Female,0,8
CUST01717,0-12 Months,Month-to-month,Female,0,12
CUST01718,0-12 Months,Month-to-month,Male,1,10
CUST01719,0-12 Months,Month-to-month,Female,0,10
CUST01720,0-12 Months,Month-to-month,Female,1,4
CUST01721,0-12 Months,Month-to-month,Male,1,9
CUST01722,0-12 Months,Month-to-month,Female,1,1
CUST01723,0-12 Months,Month-to-month,Female,1,3
CUST01724,0-12 Months,Month-to-month,Male,0,2
CUST01725,0-12 Months,Month-to-month,Male,1,3
CUST01726,0-12 Months,Month-to-month,Male,1,5
CUST01727,0-12 Months,Month-to-month,Female,0,1
CUST01728,0-12 Months,One year,Female,0,10
CUST01729,0-12 Months,Month-to-month,Male,1,9
CUST01730,0-12 Months,Month-to-month,Male,0,8
CUST01731,0-12 Months,One year,Male,0,3
CUST01732,0-12 Months,Month-to-month,Male,1,11
CUST01733,0-12 Months,Month-to-month,Female,1,1
CUST01734,0-12 Months,Month-to-month,Female,1,12
CUST01735,0-12 Months,One year,Male,0,9
CUST01736,0-12 Months,Month-to-month,Male,1,3
CUST01737,0-12 Months,One year,Female,0,3
CUST01738,0-12 Months,Month-to-month,Male,1,9
CUST01739,0-12 Months,Month-to-month,Female,0,10
CUST01740,0-12 Months,Month-to-month,Male,1,6
CUST01741,0-12 Months,Month-to-month,Female,1,1
CUST01742,0-12 Months,Month-to-month,Male,0,6
CUST01743,0-12 Months,Month-to-month,Female,1,6
CUST01744,0-12 Months,Two year,Male,0,4
CUST01745,0-12 Months,Month-to-month,Male,1,11
CUST01746,0-12 Months,Month-to-month,Female,1,5
CUST01747,0-12 Months,Month-to-month,Male,1,3
CUST01748,0-12 Months,Month-to-month,Male,1,9
CUST01749,0-12 Months,Month-to-month,Male,1,8
CUST01750,0-12 Months,Month-to-month,Female,1,8
CUST01751,0-12 Months,Month-to-month,Male,1,7
CUST01752,0-12 Months,Month-to-month,Male,0,4
CUST01753,0-12 Months,One year,Male,1,4
CUST01754,0-12 Months,Month-to-month,Female,1,2
CUST01755,0-12 Months,Month-to-month,Male,0,3
CUST01756,0-12 Months,Month-to-month,Female,1,7
CUST01757,0-12 Months,Month-to-month,Female,1,5
CUST01758,0-12 Months,Two year,Female,0,9
CUST01759,0-12 Months,One year,Female,0,10
CUST01760,0-12 Months,One year,Female,0,7
CUST01761,0-12 Months,Month-to-month,Female,1,2
CUST01762,0-12 Months,Month-to-month,Male,0,1
CUST01763,0-12 Months,Month-to-month,Male,0,3
CUST01764,0-12 Months,Month-to-month,Female,1,4
CUST01765,0-12 Months,Month-to-month,Male,1,1
CUST01766,0-12 Months,Month-to-month,Male,0,10
CUST01767,0-12 Months,Two year,Male,1,5
CUST01768,0-12 Months,Month-to-month,Male,0,9
CUST01769,0-12 Months,Month-to-month,Male,0,3
CUST01770,0-12 Months,Month-to-month,Male,0,1
CUST01771,0-12 Months,Month-to-month,Male,1,2
CUST01772,0-12 Months,Month-to-month,Male,1,6
CUST01773,0-12 Months,Month-to-month,Female,1,6
CUST01774,0-12 Months,One year,Male,0,6
CUST01775,0-12 Months,Month-to-month,Male,0,12
CUST01776,0-12 Months,Month-to-month,Male,0,8
CUST01777,0-12 Months,Month-to-month,Male,0,9
CUST01778,0-12 Months,Month-to-month,Female,1,2
CUST01779,0-12 Months,Month-to-month,Female,1,6
CUST01780,0-12 Months,Month-to-month,Male,1,8
CUST01781,0-12 Months,Month-to-month,Male,0,8
CUST01782,0-12 Months,Month-to-month,Male,0,12
CUST01783,0-12 Months,Month-to-month,Male,1,6
CUST01784,0-12 Months,Month-to-month,Male,1,5
CUST01785,0-12 Months,Month-to-month,Male,1,12
CUST01786,0-12 Months,Month-to-month,Female,1,5
CUST01787,0-12 Months,Month-to-month,Male,0,7
CUST01788,0-12 Months,Month-to-month,Female,0,1
CUST01789,0-12 Months,One year,Male,1,2
CUST01790,0-12 Months,Month-to-month,Female,1,1
CUST01791,0-12 Months,Month-to-month,Male,1,6
CUST01792,0-12 Months,Month-to-month,Female,1,12
CUST01793,0-12 Months,Month-to-month,Female,0,1
CUST01794,0-12 Months,Month-to-month,Male,1,12
CUST01795,0-12 Months,One year,Male,0,11
CUST01796,0-12 Months,Month-to-month,Female,1,1
CUST01797,0-12 Months,Month-to-month,Male,0,1
CUST01798,0-12 Months,Month-to-month,Female,1,11
CUST01799,0-12 Months,Month-to-month,Female,0,8
CUST01800,0-12 Months,Month-to-month,Female,1,3
CUST01801,0-12 Months,Month-to-month,Male,1,12
CUST01802,0-12 Months,Month-to-month,Male,1,7
CUST01803,0-12 Months,Month-to-month,Male,0,8
CUST01804,0-12 Months,Month-to-month,Male,0,9
CUST01805,0-12 Months,Month-to-month,Male,1,3
CUST01806,0-12 Months,Month-to-month,Male,0,5
CUST01807,0-12 Months,Month-to-month,Male,0,2
CUST01808,0-12 Months,Month-to-month,Female,1,7
CUST01809,0-12 Months,Month-to-month,Female,1,12
CUST01810,0-12 Months,Month-to-month,Female,0,8
CUST01811,0-12 Months,Month-to-month,Male,1,9
CUST01812,0-12 Months,Month-to-month,Male,1,3
CUST01813,0-12 Months,Month-to-month,Female,1,7
CUST01814,0-12 Months,Month-to-month,Male,0,12
CUST01815,0-12 Months,Month-to-month,Male,1,2
CUST01816,0-12 Months,Month-to-month,Female,0,3
CUST01817,0-12 Months,Month-to-month,Female,1,9
CUST01818,0-12 Months,Month-to-month,Female,1,1
CUST01819,0-12 Months,Month-to-month,Female,1,3
CUST01820,0-12 Months,Month-to-month,Male,1,12
CUST01821,0-12 Months,One year,Male,0,1
CUST01822,0-12 Months,Month-to-month,Female,0,6
CUST01823,0-12 Months,Month-to-month,Female,1,4
CUST01824,0-12 Months,Month-to-month,Female,0,5
CUST01825,0-12 Months,Month-to-month,Female,0,4
CUST01826,0-12 Months,Month-to-month,Female,1,4
CUST01827,0-12 Months,Month-to-month,Male,1,10
CUST01828,0-12 Months,Month-to-month,Male,1,1
CUST01829,0-12 Months,One year,Male,0,2
CUST01830,0-12 Months,Month-to-month,Female,1,4
CUST01831,0-12 Months,Month-to-month,Male,1,10
CUST01832,0-12 Months,Two year,Female,1,5
CUST01833,0-12 Months,Month-to-month,Female,0,1
CUST01834,0-12 Months,Month-to-month,Male,1,7
CUST01835,0-12 Months,Month-to-month,Male,1,8
CUST01836,0-12 Months,Month-to-month,Female,0,6
CUST01837,0-12 Months,Month-to-month,Female,1,2
CUST01838,0-12 Months,Month-to-month,Male,1,11
CUST01839,0-12 Months,Month-to-month,Male,1,11
CUST01840,0-12 Months,Month-to-month,Male,1,11
CUST01841,0-12 Months,Month-to-month,Female,0,12
CUST01842,0-12 Months,Month-to-month,Male,0,4
CUST01843,0-12 Months,Month-to-month,Female,1,6
CUST01844,0-12 Months,One year,Female,0,12
CUST01845,0-12 Months,Month-to-month,Male,1,6
CUST01846,0-12 Months,Month-to-month,Male,0,11
CUST01847,0-12 Months,Month-to-month,Female,0,8
CUST01848,0-12 Months,Month-to-month,Male,1,12
CUST01849,0-12 Months,Month-to-month,Male,1,1
CUST01850,0-12 Months,Month-to-month,Male,0,9
CUST01851,0-12 Months,Month-to-month,Female,1,10
CUST01852,0-12 Months,One year,Female,0,3
CUST01853,0-12 Months,Month-to-month,Female,1,9
CUST01854,0-12 Months,Month-to-month,Female,0,3
CUST01855,0-12 Months,Month-to-month,Female,1,11
CUST01856,0-12 Months,Two year,Female,0,11
CUST01857,0-12 Months,Month-to-month,Female,1,1
CUST01858,0-12 Months,Month-to-month,Female,0,7
CUST01859,0-12 Months,Month-to-month,Male,1,5
CUST01860,0-12 Months,Month-to-month,Male,1,11
CUST01861,0-12 Months,Month-to-month,Female,1,4
CUST01862,0-12 Months,Two year,Male,0,9
CUST01863,0-12 Months,Two year,Female,0,2
CUST01864,0-12 Months,Month-to-month,Female,0,3
CUST01865,0-12 Months,Month-to-month,Male,1,12
CUST01866,0-12 Months,One year,Female,0,5
CUST01867,0-12 Months,One year,Female,0,10
CUST01868,0-12 Months,Month-to-month,Female,0,12
CUST01869,0-12 Months,Month-to-month,Male,1,12
CUST01870,0-12 Months,Month-to-month,Male,1,1
CUST01871,0-12 Months,Month-to-month,Female,0,3
CUST01872,0-12 Months,Month-to-month,Female,0,9
CUST01873,0-12 Months,Two year,Female,0,12
CUST01874,0-12 Months,Two year,Male,0,12
CUST01875,0-12 Months,One year,Female,0,9
CUST01876,0-12 Months,Month-to-month,Male,1,2
CUST01877,0-12 Months,Month-to-month,Male,1,9
CUST01878,0-12 Months,Month-to-month,Female,1,4
CUST01879,0-12 Months,Month-to-month,Male,0,10
CUST01880,0-12 Months,Month-to-month,Female,1,7
CUST01881,0-12 Months,Month-to-month,Female,0,3
CUST01882,0-12 Months,Month-to-month,Female,0,11
CUST01883,0-12 Months,Month-to-month,Female,0,12
CUST01884,0-12 Months,Month-to-month,Male,0,7
CUST01885,0-12 Months,Month-to-month,Male,1,10
CUST01886,0-12 Months,Month-to-month,Female,1,1
CUST01887,0-12 Months,Month-to-month,Female,1,4
CUST01888,0-12 Months,Month-to-month,Male,1,2
CUST01889,0-12 Months,One year,Female,1,4
CUST01890,0-12 Months,Month-to-month,Female,1,5
CUST01891,0-12 Months,Month-to-month,Male,1,6
CUST01892,0-12 Months,Month-to-month,Male,0,4
CUST01893,0-12 Months,Month-to-month,Male,1,7
CUST01894,0-12 Months,Month-to-month,Female,1,3
CUST01895,0-12 Months,Month-to-month,Female,1,5
CUST01896,0-12 Months,Month-to-month,Female,0,11
CUST01897,0-12 Months,Month-to-month,Male,0,7
CUST01898,0-12 Months,Month-to-month,Female,0,1
CUST01899,0-12 Months,Month-to-month,Female,0,4
CUST01900,0-12 Months,Month-to-month,Female,1,10
CUST01901,0-12 Months,Month-to-month,Male,1,3
CUST01902,0-12 Months,Month-to-month,Male,0,12
CUST01903,0-12 Months,Month-to-month,Male,0,4
CUST01904,0-12 Months,Month-to-month,Female,1,8
CUST01905,0-12 Months,Month-to-month,Male,0,6
CUST01906,0-12 Months,Month-to-month,Female,0,8
CUST01907,0-12 Months,Month-to-month,Female,1,10
CUST01908,0-12 Months,Month-to-month,Female,1,2
CUST01909,0-12 Months,Month-to-month,Male,1,5
CUST01910,0-12 Months,One year,Female,0,7
CUST01911,0-12 Months,Month-to-month,Male,1,4
CUST01912,0-12 Months,Month-to-month,Female,1,5
CUST01913,0-12 Months,One year,Female,0,11
CUST01914,0-12 Months,Month-to-month,Male,1,3
CUST01915,0-12 Months,Month-to-month,Male,0,3
CUST01916,0-12 Months,Month-to-month,Female,0,7
CUST01917,0-12 Months,Month-to-month,Male,1,2
CUST01918,0-12 Months,Month-to-month,Female,1,1
CUST01919,0-12 Months,Month-to-month,Female,1,11
CUST01920,0-12 Months,Two year,Male,0,4
CUST01921,0-12 Months,Month-to-month,Male,0,2
CUST01922,0-12 Months,Month-to-month,Female,0,8
CUST01923,0-12 Months,Month-to-month,Female,1,6
CUST01924,0-12 Months,Month-to-month,Male,1,6
CUST01925,0-12 Months,Month-to-month,Female,0,6
CUST01926,0-12 Months,Month-to-month,Male,1,2
CUST01927,0-12 Months,Month-to-month,Male,1,11
CUST01928,0-12 Months,Month-to-month,Male,1,1
CUST01929,0-12 Months,Month-to-month,Female,0,6
CUST01930,0-12 Months,Month-to-month,Male,1,4
CUST01931,0-12 Months,Month-to-month,Female,1,8
CUST01932,0-12 Months,Month-to-month,Female,1,7
CUST01933,0-12 Months,Month-to-month,Female,1,5
CUST01934,0-12 Months,Month-to-month,Female,0,7
CUST01935,0-12 Months,Month-to-month,Male,1,3
CUST01936,0-12 Months,Month-to-month,Male,1,2
CUST01937,0-12 Months,Month-to-month,Male,1,11
CUST01938,0-12 Months,Month-to-month,Male,1,8
CUST01939,0-12 Months,Month-to-month,Male,1,8
CUST01940,0-12 Months,Month-to-month,Male,1,12
CUST01941,0-12 Months,Month-to-month,Male,0,11
CUST01942,0-12 Months,Month-to-month,Male,0,8
CUST01943,0-12 Months,Month-to-month,Male,0,10
CUST01944,0-12 Months,Month-to-month,Female,1,7
CUST01945,0-12 Months,Month-to-month,Male,0,3
CUST01946,0-12 Months,One year,Female,0,8
CUST01947,0-12 Months,Month-to-month,Female,0,11
CUST01948,0-12 Months,One year,Male,1,11
CUST01949,0-12 Months,Month-to-month,Female,0,7
CUST01950,0-12 Months,One year,Female,0,12
CUST01951,0-12 Months,Two year,Female,0,3
CUST01952,0-12 Months,Month-to-month,Female,1,1
CUST01953,0-12 Months,Month-to-month,Male,1,5
CUST01954,0-12 Months,Two year,Male,0,3
CUST01955,0-12 Months,One year,Female,0,12
CUST01956,0-12 Months,Two year,Male,0,2
CUST01957,0-12 Months,Month-to-month,Male,1,7
CUST01958,0-12 Months,Month-to-month,Male,1,10
CUST01959,0-12 Months,Month-to-month,Female,1,2
CUST01960,0-12 Months,Month-to-month,Female,1,1
CUST01961,0-12 Months,Month-to-month,Female,1,7
CUST01962,0-12 Months,Month-to-month,Female,0,11
CUST01963,0-12 Months,Month-to-month,Male,0,1
CUST01964,0-12 Months,Month-to-month,Female,1,1
CUST01965,0-12 Months,Month-to-month,Male,0,12
CUST01966,0-12 Months,Month-to-month,Male,1,8
CUST01967,0-12 Months,Month-to-month,Female,1,9
CUST01968,0-12 Months,Month-to-month,Female,1,4
CUST01969,0-12 Months,Month-to-month,Male,1,4
CUST01970,0-12 Months,Month-to-month,Male,1,6
CUST01971,0-12 Months,Month-to-month,Female,1,3
CUST01972,0-12 Months,Two year,Male,0,6
CUST01973,0-12 Months,Month-to-month,Male,1,12
CUST01974,0-12 Months,Month-to-month,Male,1,9
CUST01975,0-12 Months,Month-to-month,Female,1,11
CUST01976,0-12 Months,Month-to-month,Male,0,6
CUST01977,0-12 Months,Month-to-month,Male,0,10
CUST01978,0-12 Months,One year,Female,0,6
CUST01979,0-12 Months,Month-to-month,Male,0,8
CUST01980,0-12 Months,Month-to-month,Male,1,9
CUST01981,0-12 Months,One year,Female,0,10
CUST01982,0-12 Months,Month-to-month,Male,1,12
CUST01983,0-12 Months,One year,Male,0,2
CUST01984,0-12 Months,Month-to-month,Male,0,10
CUST01985,0-12 Months,Month-to-month,Male,0,9
CUST01986,0-12 Months,One year,Female,0,9
CUST01987,0-12 Months,Month-to-month,Female,1,1
CUST01988,0-12 Months,Month-to-month,Female,0,6
CUST01989,0-12 Months,Two year,Male,0,12
CUST01990,0-12 Months,Month-to-month,Female,1,11
CUST01991,0-12 Months,Month-to-month,Male,1,3
CUST01992,0-12 Months,Month-to-month,Female,1,6
CUST01993,0-12 Months,Month-to-month,Female,0,11
CUST01994,0-12 Months,Month-to-month,Male,1,12
CUST01995,0-12 Months,Month-to-month,Male,0,4
CUST01996,0-12 Months,Month-to-month,Female,0,10
CUST01997,0-12 Months,Month-to-month,Female,1,11
CUST01998,0-12 Months,Month-to-month,Female,0,2
CUST01999,0-12 Months,Month-to-month,Female,1,1
CUST02000,0-12 Months,Month-to-month,Female,0,1
CUST02001,0-12 Months,Month-to-month,Male,1,2
CUST02002,0-12 Months,Month-to-month,Female,1,9
CUST02003,0-12 Months,Two year,Female,1,5
CUST02004,0-12 Months,Month-to-month,Female,0,9
CUST02005,0-12 Months,Month-to-month,Female,1,2
CUST02006,0-12 Months,One year,Male,0,8
CUST02007,0-12 Months,Month-to-month,Female,1,9
CUST02008,0-12 Months,Month-to-month,Female,1,12
CUST02009,0-12 Months,Month-to-month,Male,1,4
CUST02010,0-12 Months,Month-to-month,Male,0,7
CUST02011,0-12 Months,Month-to-month,Male,0,6
CUST02012,0-12 Months,Month-to-month,Male,0,5
CUST02013,0-12 Months,Month-to-month,Male,1,8
CUST02014,0-12 Months,Month-to-month,Male,1,7
CUST02015,0-12 Months,Month-to-month,Male,0,10
CUST02016,0-12 Months,Month-to-month,Female,0,1
CUST02017,0-12 Months,Month-to-month,Male,1,3
CUST02018,0-12 Months,Month-to-month,Male,1,7
CUST02019,0-12 Months,Month-to-month,Male,0,7
CUST02020,0-12 Months,Month-to-month,Female,1,11
CUST02021,0-12 Months,Month-to-month,Male,0,9
CUST02022,0-12 Months,Month-to-month,Female,1,1
CUST02023,0-12 Months,Month-to-month,Male,1,6
CUST02024,0-12 Months,Month-to-month,Female,0,11
CUST02025,0-12 Months,Month-to-month,Male,1,11
CUST02026,0-12 Months,Month-to-month,Male,0,10
CUST02027,0-12 Months,Month-to-month,Female,1,6
CUST02028,0-12 Months,Month-to-month,Female,1,2
CUST02029,0-12 Months,Month-to-month,Female,0,3
CUST02030,0-12 Months,Month-to-month,Male,1,11
CUST02031,0-12 Months,Month-to-month,Male,1,5
CUST02032,0-12 Months,Month-to-month,Male,1,10
CUST02033,0-12 Months,Month-to-month,Female,0,1
CUST02034,0-12 Months,Month-to-month,Male,1,6
CUST02035,0-12 Months,Month-to-month,Male,0,12
CUST02036,0-12 Months,Month-to-month,Female,1,3
CUST02037,0-12 Months,One year,Female,0,1
CUST02038,0-12 Months,Month-to-month,Female,1,4
CUST02039,0-12 Months,Month-to-month,Female,1,1
CUST02040,0-12 Months,Month-to-month,Female,1,8
CUST02041,0-12 Months,Month-to-month,Female,0,3
CUST02042,0-12 Months,Month-to-month,Female,1,3
CUST02043,0-12 Months,Month-to-month,Female,1,8
CUST02044,0-12 Months,One year,Female,0,4
CUST02045,0-12 Months,Two year,Male,1,8
CUST02046,0-12 Months,Month-to-month,Male,1,12
CUST02047,0-12 Months,Month-to-month,Female,0,12
CUST02048,0-12 Months,Month-to-month,Male,0,9
CUST02049,0-12 Months,Month-to-month,Male,0,12
CUST02050,0-12 Months,Month-to-month,Female,1,9
CUST02051,0-12 Months,Two year,Female,0,1
CUST02052,0-12 Months,Month-to-month,Female,0,12
CUST02053,0-12 Months,Month-to-month,Male,0,7
CUST02054,0-12 Months,Month-to-month,Female,0,1
CUST02055,0-12 Months,Month-to-month,Female,1,8
CUST02056,0-12 Months,Month-to-month,Male,0,3
CUST02057,0-12 Months,Two year,Male,0,7
CUST02058,0-12 Months,Month-to-month,Female,0,8
CUST02059,0-12 Months,Month-to-month,Male,1,1
CUST02060,0-12 Months,Month-to-month,Female,1,6
CUST02061,0-12 Months,One year,Male,0,1
CUST02062,0-12 Months,Month-to-month,Male,1,2
CUST02063,0-12 Months,Month-to-month,Male,0,3
CUST02064,0-12 Months,Month-to-month,Female,1,10
CUST02065,0-12 Months,Month-to-month,Female,1,5
CUST02066,0-12 Months,One year,Male,0,1
CUST02067,0-12 Months,Month-to-month,Female,1,9
CUST02068,0-12 Months,Two year,Male,0,7
CUST02069,0-12 Months,Month-to-month,Female,0,2
CUST02070,0-12 Months,Month-to-month,Male,1,7
CUST02071,0-12 Months,One year,Female,0,3
CUST02072,0-12 Months,Month-to-month,Female,1,8
CUST02073,0-12 Months,Month-to-month,Male,0,12
CUST02074,0-12 Months,One year,Female,0,4
CUST02075,0-12 Months,Month-to-month,Male,1,9
CUST02076,0-12 Months,Month-to-month,Male,0,1
CUST02077,0-12 Months,Two year,Male,0,5
CUST02078,0-12 Months,Month-to-month,Male,1,11
CUST02079,0-12 Months,Month-to-month,Male,1,1
CUST02080,0-12 Months,Month-to-month,Male,1,12
CUST02081,0-12 Months,Month-to-month,Female,0,2
CUST02082,0-12 Months,Month-to-month,Male,0,6
CUST02083,0-12 Months,Month-to-month,Male,0,3
CUST02084,0-12 Months,Month-to-month,Female,1,1
CUST02085,0-12 Months,Month-to-month,Male,1,5
CUST02086,0-12 Months,Month-to-month,Female,1,7
CUST02087,0-12 Months,Month-to-month,Male,0,9
CUST02088,0-12 Months,Month-to-month,Female,1,4
CUST02089,0-12 Months,Month-to-month,Male,1,6
CUST02090,0-12 Months,Month-to-month,Female,0,3
CUST02091,0-12 Months,Month-to-month,Male,1,9
CUST02092,0-12 Months,One year,Female,0,3
CUST02093,0-12 Months,Month-to-month,Male,1,11
CUST02094,0-12 Months,Month-to-month,Male,1,3
CUST02095,0-12 Months,One year,Male,0,8
CUST02096,0-12 Months,Month-to-month,Female,0,4
CUST02097,0-12 Months,Month-to-month,Female,0,12
CUST02098,0-12 Months,Month-to-month,Female,0,4
CUST02099,0-12 Months,Month-to-month,Male,1,12
CUST02100,0-12 Months,Month-to-month,Female,0,11
CUST02101,0-12 Months,Month-to-month,Male,0,6
CUST02102,0-12 Months,Month-to-month,Female,1,6
CUST02103,0-12 Months,Month-to-month,Male,0,5
CUST02104,0-12 Months,One year,Female,0,6
CUST02105,0-12 Months,Month-to-month,Female,0,6
CUST02106,0-12 Months,Month-to-month,Female,0,2
CUST02107,0-12 Months,Month-to-month,Female,1,4
CUST02108,0-12 Months,Two year,Female,0,11
CUST02109,0-12 Months,Month-to-month,Female,1,12
CUST02110,0-12 Months,Month-to-month,Male,1,1
CUST02111,0-12 Months,Month-to-month,Male,0,9
CUST02112,0-12 Months,Month-to-month,Female,1,3
CUST02113,0-12 Months,Month-to-month,Male,1,8
CUST02114,0-12 Months,Month-to-month,Female,1,8
CUST02115,0-12 Months,Month-to-month,Female,0,11
CUST02116,0-12 Months,One year,Female,0,9
CUST02117,0-12 Months,Month-to-month,Female,1,10
CUST02118,0-12 Months,Month-to-month,Female,1,10
CUST02119,0-12 Months,Month-to-month,Male,1,8
CUST02120,0-12 Months,Month-to-month,Male,1,5
CUST02121,0-12 Months,Month-to-month,Male,0,5
CUST02122,0-12 Months,Month-to-month,Female,0,5
CUST02123,0-12 Months,Month-to-month,Female,0,5
CUST02124,0-12 Months,Month-to-month,Male,1,4
CUST02125,0-12 Months,Month-to-month,Female,0,4
CUST02126,0-12 Months,Month-to-month,Female,0,7
CUST02127,0-12 Months,Month-to-month,Female,1,4
CUST02128,0-12 Months,Month-to-month,Female,0,5
CUST02129,0-12 Months,Month-to-month,Male,0,9
CUST02130,0-12 Months,Month-to-month,Female,1,4
CUST02131,0-12 Months,Month-to-month,Female,0,2
CUST02132,0-12 Months,Month-to-month,Male,0,1
CUST02133,0-12 Months,Two year,Male,0,10
CUST02134,0-12 Months,One year,Female,1,12
CUST02135,0-12 Months,Month-to-month,Male,1,9
CUST02136,0-12 Months,Month-to-month,Male,0,1
CUST02137,0-12 Months,Month-to-month,Female,1,7
CUST02138,0-12 Months,Month-to-month,Female,0,4
CUST02139,0-12 Months,Month-to-month,Female,0,4
CUST02140,0-12 Months,Month-to-month,Female,0,12
CUST02141,0-12 Months,One year,Male,0,10
CUST02142,0-12 Months,Month-to-month,Male,1,9
CUST02143,0-12 Months,Month-to-month,Male,1,7
CUST02144,0-12 Months,Month-to-month,Male,1,7
CUST02145,0-12 Months,Month-to-month,Male,0,11
CUST02146,0-12 Months,One year,Male,0,8
CUST02147,0-12 Months,Month-to-month,Male,1,7
CUST02148,0-12 Months,Two year,Female,0,2
CUST02149,0-12 Months,Month-to-month,Female,1,12
CUST02150,0-12 Months,Month-to-month,Male,1,10
CUST02151,0-12 Months,Month-to-month,Female,1,5
CUST02152,0-12 Months,Month-to-month,Female,0,4
CUST02153,0-12 Months,Month-to-month,Female,1,12
CUST02154,0-12 Months,Month-to-month,Male,0,12
CUST02155,0-12 Months,Month-to-month,Female,0,6
CUST02156,0-12 Months,One year,Female,0,3
CUST02157,0-12 Months,Month-to-month,Male,1,10
CUST02158,0-12 Months,Month-to-month,Female,0,8
CUST02159,0-12 Months,Month-to-month,Male,0,11
CUST02160,0-12 Months,Month-to-month,Female,1,7
CUST02161,0-12 Months,Month-to-month,Female,0,7
CUST02162,0-12 Months,Month-to-month,Female,0,2
CUST02163,0-12 Months,Month-to-month,Male,0,8
CUST02164,0-12 Months,Month-to-month,Male,0,5
CUST02165,0-12 Months,One year,Female,1,3
CUST02166,0-12 Months,Month-to-month,Female,0,10
CUST02167,0-12 Months,One year,Male,0,5
CUST02168,0-12 Months,Month-to-month,Male,1,3
CUST02169,0-12 Months,Month-to-month,Female,0,12
CUST02170,0-12 Months,Month-to-month,Female,0,12
CUST02171,0-12 Months,Month-to-month,Female,0,6
CUST02172,0-12 Months,Month-to-month,Female,1,4
CUST02173,0-12 Months,Month-to-month,Male,0,2
CUST02174,0-12 Months,Month-to-month,Male,0,8
CUST02175,0-12 Months,Month-to-month,Male,0,8
CUST02176,0-12 Months,Month-to-month,Male,0,8
CUST02177,0-12 Months,Month-to-month,Female,1,10
CUST02178,0-12 Months,Month-to-month,Male,1,6
CUST02179,0-12 Months,Month-to-month,Female,0,9
CUST02180,0-12 Months,Two year,Female,0,8
CUST02181,0-12 Months,Month-to-month,Male,0,10
CUST02182,0-12 Months,Two year,Female,0,9
CUST02183,0-12 Months,Month-to-month,Male,1,1
CUST02184,0-12 Months,Month-to-month,Male,0,8
CUST02185,0-12 Months,Month-to-month,Male,1,12
CUST02186,0-12 Months,Month-to-month,Male,0,7
CUST02187,13-24 Months,Two year,Female,0,19
CUST02188,13-24 Months,One year,Female,0,20
CUST02189,13-24 Months,Month-to-month,Male,1,19
CUST02190,13-24 Months,Two year,Male,0,17
CUST02191,13-24 Months,Month-to-month,Male,1,24
CUST02192,13-24 Months,One year,Female,0,13
CUST02193,13-24 Months,Two year,Female,0,22
CUST02194,13-24 Months,Month-to-month,Female,1,14
CUST02195,13-24 Months,One year,Male,1,15
CUST02196,13-24 Months,Two year,Male,0,20
CUST02197,13-24 Months,Month-to-month,Male,1,20
CUST02198,13-24 Months,One year,Female,0,24
CUST02199,13-24 Months,Month-to-month,Female,0,16
CUST02200,13-24 Months,One year,Female,1,13
CUST02201,13-24 Months,Month-to-month,Female,0,16
CUST02202,13-24 Months,Two year,Female,0,19
CUST02203,13-24 Months,Two year,Male,0,17
CUST02204,13-24 Months,Month-to-month,Female,0,16
CUST02205,13-24 Months,Month-to-month,Female,1,23
CUST02206,13-24 Months,One year,Male,1,19
CUST02207,13-24 Months,One year,Male,1,21
CUST02208,13-24 Months,Month-to-month,Female,1,21
CUST02209,13-24 Months,Month-to-month,Female,1,17
CUST02210,13-24 Months,Month-to-month,Male,0,21
CUST02211,13-24 Months,Two year,Male,0,24
CUST02212,13-24 Months,Month-to-month,Male,1,21
CUST02213,13-24 Months,Two year,Female,0,16
CUST02214,13-24 Months,Month-to-month,Male,0,22
CUST02215,13-24 Months,Two year,Male,0,15
CUST02216,13-24 Months,Month-to-month,Female,1,13
CUST02217,13-24 Months,Month-to-month,Female,1,18
CUST02218,13-24 Months,Two year,Male,0,19
CUST02219,13-24 Months,Two year,Female,0,18
CUST02220,13-24 Months,Month-to-month,Male,0,16
CUST02221,13-24 Months,Month-to-month,Male,1,16
CUST02222,13-24 Months,Month-to-month,Female,1,24
CUST02223,13-24 Months,Month-to-month,Male,1,16
CUST02224,13-24 Months,Month-to-month,Female,1,22
CUST02225,13-24 Months,Two year,Male,0,16
CUST02226,13-24 Months,Month-to-month,Male,1,14
CUST02227,13-24 Months,One year,Male,0,13
CUST02228,13-24 Months,Month-to-month,Female,0,15
CUST02229,13-24 Months,Month-to-month,Male,1,23
CUST02230,13-24 Months,One year,Male,0,18
CUST02231,13-24 Months,Month-to-month,Male,0,21
CUST02232,13-24 Months,One year,Male,1,24
CUST02233,13-24 Months,Month-to-month,Female,1,13
CUST02234,13-24 Months,Two year,Male,0,14
CUST02235,13-24 Months,Two year,Female,0,24
CUST02236,13-24 Months,Two year,Female,0,19
CUST02237,13-24 Months,Month-to-month,Male,0,20
CUST02238,13-24 Months,Month-to-month,Male,1,17
CUST02239,13-24 Months,Month-to-month,Male,0,22
CUST02240,13-24 Months,One year,Female,1,20
CUST02241,13-24 Months,Month-to-month,Female,1,16
CUST02242,13-24 Months,Month-to-month,Female,0,20
CUST02243,13-24 Months,Month-to-month,Female,1,13
CUST02244,13-24 Months,Month-to-month,Male,1,15
CUST02245,13-24 Months,Month-to-month,Male,1,15
CUST02246,13-24 Months,Month-to-month,Female,1,22
CUST02247,13-24 Months,Month-to-month,Female,0,21
CUST02248,13-24 Months,One year,Female,0,14
CUST02249,13-24 Months,Month-to-month,Male,0,23
CUST02250,13-24 Months,Month-to-month,Male,0,22
CUST02251,13-24 Months,One year,Female,0,18
CUST02252,13-24 Months,Two year,Female,0,15
CUST02253,13-24 Months,Month-to-month,Female,0,18
CUST02254,13-24 Months,One year,Female,0,20
CUST02255,13-24 Months,Two year,Male,0,20
CUST02256,13-24 Months,One year,Male,1,17
CUST02257,13-24 Months,Two year,Female,0,14
CUST02258,13-24 Months,Two year,Male,0,20
CUST02259,13-24 Months,Month-to-month,Female,0,21
CUST02260,13-24 Months,Month-to-month,Female,1,16
CUST02261,13-24 Months,One year,Male,1,20
CUST02262,13-24 Months,Two year,Female,0,19
CUST02263,13-24 Months,Month-to-month,Female,0,19
CUST02264,13-24 Months,Month-to-month,Male,0,13
CUST02265,13-24 Months,One year,Male,0,16
CUST02266,13-24 Months,Month-to-month,Female,0,17
CUST02267,13-24 Months,Two year,Male,0,23
CUST02268,13-24 Months,One year,Female,0,22
CUST02269,13-24 Months,Two year,Male,0,23
CUST02270,13-24 Months,Two year,Female,0,18
CUST02271,13-24 Months,One year,Male,0,16
CUST02272,13-24 Months,One year,Female,0,18
CUST02273,13-24 Months,Two year,Male,0,22
CUST02274,13-24 Months,Two year,Male,0,20
CUST02275,13-24 Months,Two year,Female,0,20
CUST02276,13-24 Months,Month-to-month,Male,1,18
CUST02277,13-24 Months,One year,Female,0,21
CUST02278,13-24 Months,Month-to-month,Male,1,23
CUST02279,13-24 Months,Two year,Female,0,21
CUST02280,13-24 Months,One year,Female,0,17
CUST02281,13-24 Months,Month-to-month,Male,0,23
CUST02282,13-24 Months,Month-to-month,Female,1,24
CUST02283,13-24 Months,Month-to-month,Male,0,22
CUST02284,13-24 Months,One year,Male,0,23
CUST02285,13-24 Months,Month-to-month,Female,1,16
CUST02286,13-24 Months,Month-to-month,Female,1,18
CUST02287,13-24 Months,Two year,Male,0,15
CUST02288,13-24 Months,Two year,Male,0,17
CUST02289,13-24 Months,Month-to-month,Female,1,21
CUST02290,13-24 Months,Month-to-month,Female,1,21
CUST02291,13-24 Months,Two year,Male,0,13
CUST02292,13-24 Months,One year,Male,0,22
CUST02293,13-24 Months,One year,Male,0,15
CUST02294,13-24 Months,Month-to-month,Female,0,15
CUST02295,13-24 Months,Month-to-month,Male,0,19
CUST02296,13-24 Months,Month-to-month,Male,1,15
CUST02297,13-24 Months,Two year,Female,0,24
CUST02298,13-24 Months,Month-to-month,Female,1,14
CUST02299,13-24 Months,Month-to-month,Female,1,14
CUST02300,13-24 Months,Two year,Male,0,22
CUST02301,13-24 Months,Two year,Female,0,16
CUST02302,13-24 Months,Two year,Male,0,21
CUST02303,13-24 Months,Month-to-month,Male,0,21
CUST02304,13-24 Months,Month-to-month,Female,1,15
CUST02305,13-24 Months,Month-to-month,Male,1,19
CUST02306,13-24 Months,Month-to-month,Male,1,19
CUST02307,13-24 Months,One year,Female,0,14
CUST02308,13-24 Months,Month-to-month,Male,1,22
CUST02309,13-24 Months,One year,Male,1,23
CUST02310,13-24 Months,Two year,Female,0,24
CUST02311,13-24 Months,Two year,Male,0,14
CUST02312,13-24 Months,Month-to-month,Male,0,15
CUST02313,13-24 Months,Month-to-month,Female,0,22
CUST02314,13-24 Months,Month-to-month,Male,1,16
CUST02315,13-24 Months,Month-to-month,Male,1,20
CUST02316,13-24 Months,Month-to-month,Male,1,17
CUST02317,13-24 Months,Month-to-month,Female,0,15
CUST02318,13-24 Months,Two year,Female,0,20
CUST02319,13-24 Months,Month-to-month,Female,0,15
CUST02320,13-24 Months,Two year,Male,0,14
CUST02321,13-24 Months,Month-to-month,Male,1,19
CUST02322,13-24 Months,Month-to-month,Male,0,15
CUST02323,13-24 Months,Month-to-month,Female,1,15
CUST02324,13-24 Months,Month-to-month,Male,0,22
CUST02325,13-24 Months,Month-to-month,Male,0,19
CUST02326,13-24 Months,Two year,Male,0,19
CUST02327,13-24 Months,Month-to-month,Male,1,14
CUST02328,13-24 Months,Month-to-month,Male,0,14
CUST02329,13-24 Months,One year,Female,0,17
CUST02330,13-24 Months,Month-to-month,Male,0,17
CUST02331,13-24 Months,One year,Male,0,18
CUST02332,13-24 Months,Month-to-month,Male,1,14
CUST02333,13-24 Months,Two year,Female,0,23
CUST02334,13-24 Months,Month-to-month,Male,0,17
CUST02335,13-24 Months,Month-to-month,Female,0,22
CUST02336,13-24 Months,One year,Female,0,17
CUST02337,13-24 Months,Two year,Female,0,18
CUST02338,13-24 Months,Month-to-month,Female,0,14
CUST02339,13-24 Months,One year,Female,0,21
CUST02340,13-24 Months,Month-to-month,Female,1,13
CUST02341,13-24 Months,Month-to-month,Male,0,21
CUST02342,13-24 Months,Month-to-month,Female,1,23
CUST02343,13-24 Months,Two year,Male,0,17
CUST02344,13-24 Months,Month-to-month,Male,1,23
CUST02345,13-24 Months,Two year,Male,0,21
CUST02346,13-24 Months,Month-to-month,Female,0,13
CUST02347,13-24 Months,Two year,Female,0,15
CUST02348,13-24 Months,Two year,Male,1,20
CUST02349,13-24 Months,Month-to-month,Male,0,21
CUST02350,13-24 Months,Month-to-month,Male,0,14
CUST02351,13-24 Months,Month-to-month,Female,1,21
CUST02352,13-24 Months,Two year,Male,0,22
CUST02353,13-24 Months,Month-to-month,Male,1,14
CUST02354,13-24 Months,One year,Male,0,23
CUST02355,13-24 Months,Month-to-month,Male,0,19
CUST02356,13-24 Months,Two year,Male,0,20
CUST02357,13-24 Months,Month-to-month,Male,0,13
CUST02358,13-24 Months,One year,Male,1,20
CUST02359,13-24 Months,Two year,Male,0,18
CUST02360,13-24 Months,Month-to-month,Male,0,17
CUST02361,13-24 Months,Two year,Female,0,22
CUST02362,13-24 Months,Month-to-month,Male,1,15
CUST02363,13-24 Months,Month-to-month,Male,1,13
CUST02364,13-24 Months,Two year,Female,0,18
CUST02365,13-24 Months,One year,Female,0,21
CUST02366,13-24 Months,One year,Male,0,14
CUST02367,13-24 Months,Month-to-month,Male,0,24
CUST02368,13-24 Months,Month-to-month,Female,0,21
CUST02369,13-24 Months,Month-to-month,Female,0,24
CUST02370,13-24 Months,One year,Female,0,18
CUST02371,13-24 Months,Month-to-month,Male,0,14
CUST02372,13-24 Months,Month-to-month,Male,1,15
CUST02373,13-24 Months,Month-to-month,Male,0,19
CUST02374,13-24 Months,Month-to-month,Female,0,20
CUST02375,13-24 Months,Month-to-month,Male,1,21
CUST02376,13-24 Months,Month-to-month,Male,0,22
CUST02377,13-24 Months,Two year,Male,0,22
CUST02378,13-24 Months,One year,Female,0,20
CUST02379,13-24 Months,Month-to-month,Female,0,13
CUST02380,13-24 Months,One year,Male,0,19
CUST02381,13-24 Months,Two year,Female,0,22
CUST02382,13-24 Months,Month-to-month,Male,0,23
CUST02383,13-24 Months,Month-to-month,Male,1,23
CUST02384,13-24 Months,Month-to-month,Female,0,13
CUST02385,13-24 Months,Month-to-month,Female,0,18
CUST02386,13-24 Months,Two year,Male,0,20
CUST02387,13-24 Months,Two year,Male,0,15
CUST02388,13-24 Months,Month-to-month,Male,1,17
CUST02389,13-24 Months,Two year,Female,0,14
CUST02390,13-24 Months,Month-to-month,Male,1,15
CUST02391,13-24 Months,One year,Female,0,13
CUST02392,13-24 Months,Two year,Male,0,24
CUST02393,13-24 Months,Month-to-month,Male,1,23
CUST02394,13-24 Months,Month-to-month,Female,1,17
CUST02395,13-24 Months,One year,Male,1,13
CUST02396,13-24 Months,Two year,Male,0,17
CUST02397,13-24 Months,Month-to-month,Female,1,18
CUST02398,13-24 Months,Month-to-month,Male,1,15
CUST02399,13-24 Months,Month-to-month,Male,0,20
CUST02400,13-24 Months,One year,Male,0,24
CUST02401,13-24 Months,One year,Female,0,23
CUST02402,13-24 Months,Two year,Male,0,23
CUST02403,13-24 Months,Two year,Female,0,22
CUST02404,13-24 Months,Two year,Male,0,13
CUST02405,13-24 Months,Two year,Male,0,19
CUST02406,13-24 Months,Month-to-month,Female,1,19
CUST02407,13-24 Months,One year,Female,0,14
CUST02408,13-24 Months,Month-to-month,Male,1,14
CUST02409,13-24 Months,Month-to-month,Female,1,19
CUST02410,13-24 Months,Two year,Male,0,21
CUST02411,13-24 Months,One year,Male,0,15
CUST02412,13-24 Months,Two year,Male,0,18
CUST02413,13-24 Months,Month-to-month,Female,1,13
CUST02414,13-24 Months,One year,Female,0,14
CUST02415,13-24 Months,Month-to-month,Female,0,19
CUST02416,13-24 Months,Month-to-month,Male,1,19
CUST02417,13-24 Months,Month-to-month,Male,0,22
CUST02418,13-24 Months,One year,Male,0,23
CUST02419,13-24 Months,Month-to-month,Female,0,15
CUST02420,13-24 Months,Two year,Female,0,17
CUST02421,13-24 Months,Month-to-month,Female,1,23
CUST02422,13-24 Months,Month-to-month,Male,0,13
CUST02423,13-24 Months,Two year,Female,0,22
CUST02424,13-24 Months,Month-to-month,Female,1,24
CUST02425,13-24 Months,Two year,Male,0,14
CUST02426,13-24 Months,Two year,Male,0,14
CUST02427,13-24 Months,Month-to-month,Female,1,21
CUST02428,13-24 Months,One year,Male,0,18
CUST02429,13-24 Months,One year,Female,0,24
CUST02430,13-24 Months,Two year,Female,0,19
CUST02431,13-24 Months,Two year,Female,0,20
CUST02432,13-24 Months,One year,Female,0,15
CUST02433,13-24 Months,One year,Male,0,16
CUST02434,13-24 Months,Month-to-month,Male,1,15
CUST02435,13-24 Months,One year,Male,0,14
CUST02436,13-24 Months,Two year,Female,0,14
CUST02437,13-24 Months,One year,Male,0,23
CUST02438,13-24 Months,One year,Male,1,13
CUST02439,13-24 Months,Month-to-month,Female,0,19
CUST02440,13-24 Months,Two year,Male,0,19
CUST02441,13-24 Months,Two year,Male,0,13
CUST02442,13-24 Months,Month-to-month,Male,0,23
CUST02443,13-24 Months,Month-to-month,Female,1,19
CUST02444,13-24 Months,One year,Male,0,14
CUST02445,13-24 Months,Month-to-month,Male,0,14
CUST02446,13-24 Months,One year,Male,0,21
CUST02447,13-24 Months,Month-to-month,Male,0,20
CUST02448,13-24 Months,Month-to-month,Female,0,17
CUST02449,13-24 Months,One year,Male,0,17
CUST02450,13-24 Months,One year,Male,0,13
CUST02451,13-24 Months,One year,Male,0,13
CUST02452,13-24 Months,Two year,Female,0,19
CUST02453,13-24 Months,One year,Female,0,17
CUST02454,13-24 Months,Two year,Female,0,16
CUST02455,13-24 Months,One year,Female,0,17
CUST02456,13-24 Months,One year,Male,0,20
CUST02457,13-24 Months,One year,Female,1,16
CUST02458,13-24 Months,Month-to-month,Male,1,17
CUST02459,13-24 Months,Month-to-month,Male,1,16
CUST02460,13-24 Months,One year,Male,0,20
CUST02461,13-24 Months,Two year,Female,0,13
CUST02462,13-24 Months,One year,Male,0,24
CUST02463,13-24 Months,Month-to-month,Male,0,19
CUST02464,13-24 Months,One year,Male,1,15
CUST02465,13-24 Months,Month-to-month,Female,0,22
CUST02466,13-24 Months,Two year,Male,0,24
CUST02467,13-24 Months,Two year,Female,0,13
CUST02468,13-24 Months,One year,Male,0,15
CUST02469,13-24 Months,One year,Female,0,14
CUST02470,13-24 Months,Month-to-month,Female,1,13
CUST02471,13-24 Months,Month-to-month,Male,1,21
CUST02472,13-24 Months,Two year,Female,0,15
CUST02473,13-24 Months,Two year,Male,0,17
CUST02474,13-24 Months,One year,Male,0,22
CUST02475,13-24 Months,Month-to-month,Female,0,20
CUST02476,13-24 Months,Month-to-month,Female,1,21
CUST02477,13-24 Months,Month-to-month,Female,0,14
CUST02478,13-24 Months,Month-to-month,Male,1,24
CUST02479,13-24 Months,Month-to-month,Male,1,13
CUST02480,13-24 Months,Two year,Female,0,21
CUST02481,13-24 Months,One year,Male,0,20
CUST02482,13-24 Months,Month-to-month,Female,0,17
CUST02483,13-24 Months,Month-to-month,Male,0,23
CUST02484,13-24 Months,Month-to-month,Male,1,23
CUST02485,13-24 Months,Two year,Female,0,13
CUST02486,13-24 Months,Month-to-month,Male,0,24
CUST02487,13-24 Months,Two year,Female,0,15
CUST02488,13-24 Months,Two year,Male,0,22
CUST02489,13-24 Months,Month-to-month,Male,0,22
CUST02490,13-24 Months,One year,Male,0,19
CUST02491,13-24 Months,Two year,Female,0,23
CUST02492,13-24 Months,Month-to-month,Male,1,22
CUST02493,13-24 Months,Month-to-month,Female,1,19
CUST02494,13-24 Months,Two year,Male,0,15
CUST02495,13-24 Months,Two year,Female,0,18
CUST02496,13-24 Months,One year,Male,1,23
CUST02497,13-24 Months,One year,Female,1,15
CUST02498,13-24 Months,Month-to-month,Male,1,24
CUST02499,13-24 Months,Two year,Male,0,15
CUST02500,13-24 Months,Month-to-month,Female,1,20
CUST02501,13-24 Months,Month-to-month,Male,0,20
CUST02502,13-24 Months,One year,Male,0,15
CUST02503,13-24 Months,Two year,Female,0,18
CUST02504,13-24 Months,Two year,Male,0,14
CUST02505,13-24 Months,Month-to-month,Male,1,17
CUST02506,13-24 Months,Month-to-month,Male,0,24
CUST02507,13-24 Months,Two year,Female,0,13
CUST02508,13-24 Months,Two year,Male,0,23
CUST02509,13-24 Months,One year,Female,0,21
CUST02510,13-24 Months,One year,Male,0,21
CUST02511,13-24 Months,Month-to-month,Female,1,16
CUST02512,13-24 Months,Month-to-month,Female,0,24
CUST02513,13-24 Months,Month-to-month,Female,0,16
CUST02514,13-24 Months,Month-to-month,Female,1,19
CUST02515,13-24 Months,Month-to-month,Male,1,13
CUST02516,13-24 Months,Two year,Male,0,23
CUST02517,13-24 Months,Month-to-month,Male,1,21
CUST02518,13-24 Months,Month-to-month,Male,0,14
CUST02519,13-24 Months,One year,Female,0,20
CUST02520,13-24 Months,Month-to-month,Female,1,15
CUST02521,13-24 Months,Month-to-month,Male,1,18
CUST02522,13-24 Months,One year,Male,0,19
CUST02523,13-24 Months,Month-to-month,Male,0,24
CUST02524,13-24 Months,One year,Female,1,16
CUST02525,13-24 Months,Two year,Male,0,13
CUST02526,13-24 Months,Month-to-month,Female,1,18
CUST02527,13-24 Months,Two year,Male,0,24
CUST02528,13-24 Months,Two year,Female,0,22
CUST02529,13-24 Months,Two year,Male,0,13
CUST02530,13-24 Months,One year,Female,1,13
CUST02531,13-24 Months,One year,Male,0,22
CUST02532,13-24 Months,One year,Female,0,21
CUST02533,13-24 Months,One year,Male,0,19
CUST02534,13-24 Months,Month-to-month,Female,1,14
CUST02535,13-24 Months,Two year,Male,0,16
CUST02536,13-24 Months,One year,Female,0,23
CUST02537,13-24 Months,Two year,Female,0,14
CUST02538,13-24 Months,Month-to-month,Male,0,15
CUST02539,13-24 Months,Month-to-month,Female,0,18
CUST02540,13-24 Months,One year,Female,0,21
CUST02541,13-24 Months,One year,Male,0,22
CUST02542,13-24 Months,Month-to-month,Male,0,20
CUST02543,13-24 Months,Month-to-month,Male,1,18
CUST02544,13-24 Months,Month-to-month,Female,1,17
CUST02545,13-24 Months,One year,Male,0,13
CUST02546,13-24 Months,Month-to-month,Male,0,16
CUST02547,13-24 Months,Two year,Female,0,15
CUST02548,13-24 Months,Month-to-month,Male,1,13
CUST02549,13-24 Months,Month-to-month,Female,1,21
CUST02550,13-24 Months,Month-to-month,Male,0,17
CUST02551,13-24 Months,One year,Male,0,19
CUST02552,13-24 Months,Month-to-month,Female,1,15
CUST02553,13-24 Months,One year,Female,0,20
CUST02554,13-24 Months,Two year,Female,0,14
CUST02555,13-24 Months,Month-to-month,Female,1,21
CUST02556,13-24 Months,One year,Male,0,21
CUST02557,13-24 Months,Month-to-month,Male,0,16
CUST02558,13-24 Months,Month-to-month,Male,0,15
CUST02559,13-24 Months,Month-to-month,Female,1,22
CUST02560,13-24 Months,Month-to-month,Male,0,15
CUST02561,13-24 Months,One year,Female,0,15
CUST02562,13-24 Months,One year,Female,0,17
CUST02563,13-24 Months,Two year,Male,0,24
CUST02564,13-24 Months,One year,Male,0,18
CUST02565,13-24 Months,One year,Male,0,16
CUST02566,13-24 Months,Month-to-month,Male,1,19
CUST02567,13-24 Months,Month-to-month,Female,1,17
CUST02568,13-24 Months,Month-to-month,Male,0,20
CUST02569,13-24 Months,One year,Male,0,18
CUST02570,13-24 Months,Two year,Male,0,20
CUST02571,13-24 Months,Month-to-month,Female,1,18
CUST02572,13-24 Months,One year,Female,0,18
CUST02573,13-24 Months,Two year,Female,0,18
CUST02574,13-24 Months,Two year,Female,0,17
CUST02575,13-24 Months,One year,Female,0,24
CUST02576,13-24 Months,One year,Male,0,16
CUST02577,13-24 Months,One year,Male,0,22
CUST02578,13-24 Months,Two year,Female,0,21
CUST02579,13-24 Months,Month-to-month,Male,1,19
CUST02580,13-24 Months,Two year,Male,0,16
CUST02581,13-24 Months,Month-to-month,Male,0,18
CUST02582,13-24 Months,Two year,Male,0,23
CUST02583,13-24 Months,Month-to-month,Male,1,15
CUST02584,13-24 Months,Month-to-month,Female,0,20
CUST02585,13-24 Months,Month-to-month,Female,0,22
CUST02586,13-24 Months,Month-to-month,Male,1,20
CUST02587,13-24 Months,Month-to-month,Male,1,14
CUST02588,13-24 Months,Month-to-month,Male,0,19
CUST02589,13-24 Months,Month-to-month,Male,1,15
CUST02590,13-24 Months,Month-to-month,Female,1,24
CUST02591,13-24 Months,Two year,Female,0,17
CUST02592,13-24 Months,Two year,Male,0,18
CUST02593,13-24 Months,One year,Female,0,23
CUST02594,13-24 Months,Month-to-month,Male,1,18
CUST02595,13-24 Months,Month-to-month,Male,0,15
CUST02596,13-24 Months,Two year,Male,0,23
CUST02597,13-24 Months,Month-to-month,Female,0,20
CUST02598,13-24 Months,Month-to-month,Male,0,20
CUST02599,13-24 Months,Two year,Female,1,13
CUST02600,13-24 Months,Two year,Male,0,18
CUST02601,13-24 Months,Month-to-month,Female,0,18
CUST02602,13-24 Months,One year,Male,0,16
CUST02603,13-24 Months,Month-to-month,Male,1,19
CUST02604,13-24 Months,Two year,Female,0,15
CUST02605,13-24 Months,Month-to-month,Male,1,18
CUST02606,13-24 Months,Month-to-month,Female,0,22
CUST02607,13-24 Months,One year,Female,1,21
CUST02608,13-24 Months,Month-to-month,Male,1,16
CUST02609,13-24 Months,One year,Male,0,15
CUST02610,13-24 Months,Month-to-month,Female,0,13
CUST02611,13-24 Months,Two year,Male,0,17
CUST02612,13-24 Months,Two year,Male,0,13
CUST02613,13-24 Months,Month-to-month,Male,1,14
CUST02614,13-24 Months,Two year,Female,0,24
CUST02615,13-24 Months,Month-to-month,Female,1,23
CUST02616,13-24 Months,Month-to-month,Male,1,19
CUST02617,13-24 Months,Month-to-month,Female,0,22
CUST02618,13-24 Months,Two year,Female,0,18
CUST02619,13-24 Months,Two year,Male,0,20
CUST02620,13-24 Months,Two year,Female,0,24
CUST02621,13-24 Months,Two year,Male,0,13
CUST02622,13-24 Months,Two year,Female,0,17
CUST02623,13-24 Months,Month-to-month,Male,0,14
CUST02624,13-24 Months,Two year,Male,0,22
CUST02625,13-24 Months,One year,Male,0,22
CUST02626,13-24 Months,Month-to-month,Male,1,21
CUST02627,13-24 Months,One year,Male,1,20
CUST02628,13-24 Months,Month-to-month,Female,1,18
CUST02629,13-24 Months,Month-to-month,Male,0,13
CUST02630,13-24 Months,Month-to-month,Male,1,22
CUST02631,13-24 Months,Month-to-month,Male,1,23
CUST02632,13-24 Months,Month-to-month,Female,1,24
CUST02633,13-24 Months,Two year,Female,0,17
CUST02634,13-24 Months,One year,Male,0,15
CUST02635,13-24 Months,One year,Male,0,20
CUST02636,13-24 Months,Month-to-month,Female,0,13
CUST02637,13-24 Months,Month-to-month,Female,1,13
CUST02638,13-24 Months,Month-to-month,Male,1,22
CUST02639,13-24 Months,Two year,Female,0,24
CUST02640,13-24 Months,Month-to-month,Male,0,17
CUST02641,13-24 Months,One year,Female,0,19
CUST02642,13-24 Months,Two year,Female,0,19
CUST02643,13-24 Months,One year,Female,0,14
CUST02644,13-24 Months,Two year,Male,0,15
CUST02645,13-24 Months,Month-to-month,Male,0,16
CUST02646,13-24 Months,Two year,Female,0,23
CUST02647,13-24 Months,Two year,Female,0,18
CUST02648,13-24 Months,Two year,Female,0,21
CUST02649,13-24 Months,One year,Female,0,15
CUST02650,13-24 Months,Two year,Male,0,24
CUST02651,13-24 Months,Two year,Female,0,23
CUST02652,13-24 Months,Month-to-month,Male,0,18
CUST02653,13-24 Months,Two year,Female,0,15
CUST02654,13-24 Months,Two year,Female,0,24
CUST02655,13-24 Months,Month-to-month,Female,0,22
CUST02656,13-24 Months,Two year,Female,0,19
CUST02657,13-24 Months,Month-to-month,Female,1,16
CUST02658,13-24 Months,One year,Female,0,20
CUST02659,13-24 Months,Month-to-month,Female,1,17
CUST02660,13-24 Months,Month-to-month,Male,0,21
CUST02661,13-24 Months,Two year,Female,0,22
CUST02662,13-24 Months,Month-to-month,Female,0,18
CUST02663,13-24 Months,Month-to-month,Female,0,13
CUST02664,13-24 Months,Month-to-month,Male,0,19
CUST02665,13-24 Months,Month-to-month,Male,1,23
CUST02666,13-24 Months,Two year,Male,0,15
CUST02667,13-24 Months,Two year,Male,0,24
CUST02668,13-24 Months,Month-to-month,Male,1,17
CUST02669,13-24 Months,One year,Female,0,21
CUST02670,13-24 Months,Month-to-month,Male,0,21
CUST02671,13-24 Months,One year,Male,0,15
CUST02672,13-24 Months,Month-to-month,Female,1,13
CUST02673,13-24 Months,Month-to-month,Female,1,24
CUST02674,13-24 Months,Month-to-month,Female,1,21
CUST02675,13-24 Months,One year,Female,0,20
CUST02676,13-24 Months,One year,Male,0,16
CUST02677,13-24 Months,Month-to-month,Female,0,14
CUST02678,13-24 Months,Two year,Male,0,16
CUST02679,13-24 Months,Two year,Male,0,19
CUST02680,13-24 Months,Month-to-month,Female,1,21
CUST02681,13-24 Months,Two year,Female,0,16
CUST02682,13-24 Months,Two year,Male,0,15
CUST02683,13-24 Months,Month-to-month,Male,0,15
CUST02684,13-24 Months,One year,Female,0,24
CUST02685,13-24 Months,Month-to-month,Female,1,20
CUST02686,13-24 Months,Two year,Male,0,24
CUST02687,13-24 Months,Month-to-month,Male,1,13
CUST02688,13-24 Months,One year,Female,0,18
CUST02689,13-24 Months,Month-to-month,Female,1,18
CUST02690,13-24 Months,One year,Male,0,17
CUST02691,13-24 Months,Two year,Female,0,17
CUST02692,13-24 Months,Month-to-month,Female,0,13
CUST02693,13-24 Months,Two year,Male,0,13
CUST02694,13-24 Months,Two year,Female,0,22
CUST02695,13-24 Months,Two year,Female,0,18
CUST02696,13-24 Months,Month-to-month,Male,0,14
CUST02697,13-24 Months,Two year,Male,0,17
CUST02698,13-24 Months,Month-to-month,Male,0,24
CUST02699,13-24 Months,Month-to-month,Female,1,18
CUST02700,13-24 Months,Two year,Male,0,24
CUST02701,13-24 Months,One year,Male,0,14
CUST02702,13-24 Months,One year,Male,0,14
CUST02703,13-24 Months,Month-to-month,Male,1,19
CUST02704,13-24 Months,Two year,Male,0,21
CUST02705,13-24 Months,One year,Male,0,24
CUST02706,13-24 Months,Month-to-month,Male,0,18
CUST02707,13-24 Months,Two year,Female,1,15
CUST02708,13-24 Months,Month-to-month,Male,1,19
CUST02709,13-24 Months,Month-to-month,Male,0,16
CUST02710,13-24 Months,One year,Female,1,15
CUST02711,13-24 Months,Two year,Female,0,14
CUST02712,13-24 Months,Month-to-month,Male,0,21
CUST02713,13-24 Months,Month-to-month,Female,0,20
CUST02714,13-24 Months,Month-to-month,Male,1,14
CUST02715,13-24 Months,Two year,Male,0,19
CUST02716,13-24 Months,Month-to-month,Female,0,23
CUST02717,13-24 Months,One year,Female,1,22
CUST02718,13-24 Months,Two year,Male,1,18
CUST02719,13-24 Months,Month-to-month,Female,1,13
CUST02720,13-24 Months,One year,Male,1,20
CUST02721,13-24 Months,One year,Female,0,19
CUST02722,13-24 Months,Two year,Female,0,24
CUST02723,13-24 Months,Month-to-month,Male,0,19
CUST02724,13-24 Months,Month-to-month,Female,1,21
CUST02725,13-24 Months,Month-to-month,Male,1,19
CUST02726,13-24 Months,Two year,Male,0,19
CUST02727,13-24 Months,Two year,Female,0,16
CUST02728,13-24 Months,Month-to-month,Female,0,17
CUST02729,13-24 Months,Month-to-month,Male,1,16
CUST02730,13-24 Months,Two year,Male,0,18
CUST02731,13-24 Months,Month-to-month,Male,1,24
CUST02732,13-24 Months,Month-to-month,Male,0,17
CUST02733,13-24 Months,One year,Female,0,18
CUST02734,13-24 Months,Month-to-month,Female,1,24
CUST02735,13-24 Months,Month-to-month,Male,0,14
CUST02736,13-24 Months,Month-to-month,Male,0,16
CUST02737,13-24 Months,Month-to-month,Male,0,18
CUST02738,13-24 Months,One year,Female,0,17
CUST02739,13-24 Months,One year,Male,0,17
CUST02740,13-24 Months,One year,Male,0,22
CUST02741,13-24 Months,Month-to-month,Female,1,18
CUST02742,13-24 Months,Two year,Male,0,17
CUST02743,13-24 Months,Month-to-month,Male,1,18
CUST02744,13-24 Months,Two year,Female,0,23
CUST02745,13-24 Months,Month-to-month,Female,1,24
CUST02746,13-24 Months,Two year,Female,0,15
CUST02747,13-24 Months,Month-to-month,Male,1,13
CUST02748,13-24 Months,Month-to-month,Female,1,13
CUST02749,13-24 Months,Month-to-month,Female,0,18
CUST02750,13-24 Months,Month-to-month,Female,1,20
CUST02751,13-24 Months,Month-to-month,Female,0,13
CUST02752,13-24 Months,Two year,Female,0,19
CUST02753,13-24 Months,Two year,Male,0,17
CUST02754,13-24 Months,Month-to-month,Female,0,24
CUST02755,13-24 Months,Two year,Female,0,20
CUST02756,13-24 Months,Two year,Female,0,18
CUST02757,13-24 Months,Two year,Female,0,20
CUST02758,13-24 Months,One year,Female,1,14
CUST02759,13-24 Months,One year,Male,0,18
CUST02760,13-24 Months,One year,Male,0,16
CUST02761,13-24 Months,One year,Male,0,15
CUST02762,13-24 Months,Two year,Female,0,17
CUST02763,13-24 Months,Month-to-month,Male,1,20
CUST02764,13-24 Months,Month-to-month,Male,1,19
CUST02765,13-24 Months,Month-to-month,Female,1,24
CUST02766,13-24 Months,Two year,Female,0,16
CUST02767,13-24 Months,Month-to-month,Male,1,21
CUST02768,13-24 Months,One year,Female,0,19
CUST02769,13-24 Months,Two year,Female,0,23
CUST02770,13-24 Months,Two year,Male,0,23
CUST02771,13-24 Months,Month-to-month,Female,0,21
CUST02772,13-24 Months,Two year,Male,0,18
CUST02773,13-24 Months,Two year,Female,0,19
CUST02774,13-24 Months,Month-to-month,Female,1,20
CUST02775,13-24 Months,Two year,Female,0,22
CUST02776,13-24 Months,Month-to-month,Female,0,15
CUST02777,13-24 Months,One year,Male,0,23
CUST02778,13-24 Months,One year,Male,0,22
CUST02779,13-24 Months,Month-to-month,Male,1,14
CUST02780,13-24 Months,Month-to-month,Male,0,16
CUST02781,13-24 Months,Month-to-month,Female,1,15
CUST02782,13-24 Months,Month-to-month,Female,1,19
CUST02783,13-24 Months,One year,Female,0,15
CUST02784,13-24 Months,Month-to-month,Male,1,16
CUST02785,13-24 Months,Month-to-month,Male,0,15
CUST02786,13-24 Months,One year,Female,1,13
CUST02787,13-24 Months,One year,Male,0,18
CUST02788,13-24 Months,One year,Male,1,16
CUST02789,13-24 Months,Two year,Female,0,19
CUST02790,13-24 Months,Month-to-month,Male,0,15
CUST02791,13-24 Months,Two year,Male,0,16
CUST02792,13-24 Months,Month-to-month,Male,0,23
CUST02793,13-24 Months,Two year,Female,0,22
CUST02794,13-24 Months,Two year,Female,0,16
CUST02795,13-24 Months,Two year,Female,0,14
CUST02796,13-24 Months,One year,Male,0,24
CUST02797,13-24 Months,One year,Male,0,21
CUST02798,13-24 Months,Month-to-month,Male,1,18
CUST02799,13-24 Months,One year,Female,0,21
CUST02800,13-24 Months,Two year,Female,0,15
CUST02801,13-24 Months,Two year,Male,0,18
CUST02802,13-24 Months,Month-to-month,Female,1,17
CUST02803,13-24 Months,Month-to-month,Male,1,21
CUST02804,13-24 Months,One year,Male,0,15
CUST02805,13-24 Months,Month-to-month,Female,1,18
CUST02806,13-24 Months,Month-to-month,Female,0,23
CUST02807,13-24 Months,Month-to-month,Female,1,15
CUST02808,13-24 Months,Two year,Female,0,14
CUST02809,13-24 Months,Month-to-month,Male,1,22
CUST02810,13-24 Months,Month-to-month,Female,0,23
CUST02811,13-24 Months,Month-to-month,Female,1,18
CUST02812,13-24 Months,Two year,Female,0,13
CUST02813,13-24 Months,One year,Female,0,19
CUST02814,13-24 Months,Month-to-month,Male,1,16
CUST02815,13-24 Months,Month-to-month,Male,0,20
CUST02816,13-24 Months,One year,Male,1,14
CUST02817,13-24 Months,Month-to-month,Male,1,22
CUST02818,13-24 Months,One year,Female,0,21
CUST02819,13-24 Months,Month-to-month,Male,1,20
CUST02820,13-24 Months,Two year,Female,0,19
CUST02821,13-24 Months,Month-to-month,Male,1,15
CUST02822,13-24 Months,One year,Female,1,24
CUST02823,13-24 Months,Month-to-month,Female,1,16
CUST02824,13-24 Months,Two year,Female,0,17
CUST02825,13-24 Months,Two year,Male,0,24
CUST02826,13-24 Months,Two year,Female,0,13
CUST02827,13-24 Months,Month-to-month,Male,1,14
CUST02828,13-24 Months,Month-to-month,Female,1,22
CUST02829,13-24 Months,Two year,Male,0,17
CUST02830,13-24 Months,Two year,Male,0,19
CUST02831,13-24 Months,Month-to-month,Female,0,19
CUST02832,13-24 Months,Month-to-month,Female,1,22
CUST02833,13-24 Months,Month-to-month,Female,1,20
CUST02834,13-24 Months,Two year,Male,0,18
CUST02835,13-24 Months,One year,Male,0,19
CUST02836,13-24 Months,One year,Female,1,21
CUST02837,13-24 Months,One year,Female,0,17
CUST02838,13-24 Months,Month-to-month,Female,1,15
CUST02839,13-24 Months,Month-to-month,Female,1,18
CUST02840,13-24 Months,Month-to-month,Male,1,24
CUST02841,13-24 Months,Two year,Female,0,14
CUST02842,13-24 Months,Month-to-month,Female,0,15
CUST02843,13-24 Months,Month-to-month,Male,0,24
CUST02844,13-24 Months,Month-to-month,Male,1,22
CUST02845,13-24 Months,Month-to-month,Male,0,14
CUST02846,13-24 Months,One year,Female,0,15
CUST02847,13-24 Months,Month-to-month,Male,1,21
CUST02848,13-24 Months,Month-to-month,Male,0,22
CUST02849,13-24 Months,Two year,Male,0,21
CUST02850,13-24 Months,Month-to-month,Female,1,23
CUST02851,13-24 Months,Month-to-month,Male,0,19
CUST02852,13-24 Months,Month-to-month,Male,0,23
CUST02853,13-24 Months,Two year,Male,0,20
CUST02854,13-24 Months,Month-to-month,Male,1,18
CUST02855,13-24 Months,Two year,Male,0,20
CUST02856,13-24 Months,Two year,Male,0,18
CUST02857,13-24 Months,One year,Male,0,20
CUST02858,13-24 Months,Month-to-month,Female,0,23
CUST02859,13-24 Months,Two year,Female,0,24
CUST02860,13-24 Months,Month-to-month,Male,0,19
CUST02861,13-24 Months,Month-to-month,Male,0,13
CUST02862,13-24 Months,One year,Male,0,20
CUST02863,13-24 Months,Month-to-month,Male,1,16
CUST02864,13-24 Months,Month-to-month,Male,1,15
CUST02865,13-24 Months,Month-to-month,Male,0,23
CUST02866,13-24 Months,Month-to-month,Female,1,18
CUST02867,13-24 Months,Month-to-month,Male,0,22
CUST02868,13-24 Months,One year,Female,0,17
CUST02869,13-24 Months,Two year,Male,0,20
CUST02870,13-24 Months,Month-to-month,Male,1,20
CUST02871,13-24 Months,One year,Female,0,23
CUST02872,13-24 Months,Month-to-month,Female,1,15
CUST02873,13-24 Months,Month-to-month,Female,1,19
CUST02874,13-24 Months,Month-to-month,Male,0,17
CUST02875,13-24 Months,Month-to-month,Female,1,18
CUST02876,13-24 Months,Month-to-month,Female,0,23
CUST02877,13-24 Months,Month-to-month,Male,0,14
CUST02878,13-24 Months,Month-to-month,Female,1,19
CUST02879,13-24 Months,One year,Male,1,17
CUST02880,13-24 Months,Month-to-month,Male,1,23
CUST02881,13-24 Months,Month-to-month,Female,0,15
CUST02882,13-24 Months,Month-to-month,Female,1,15
CUST02883,13-24 Months,One year,Male,0,14
CUST02884,13-24 Months,Month-to-month,Male,1,18
CUST02885,13-24 Months,One year,Female,1,13
CUST02886,13-24 Months,Month-to-month,Male,0,19
CUST02887,13-24 Months,Month-to-month,Male,1,15
CUST02888,13-24 Months,Two year,Female,0,17
CUST02889,13-24 Months,Month-to-month,Male,0,20
CUST02890,13-24 Months,Month-to-month,Male,0,21
CUST02891,13-24 Months,Month-to-month,Female,1,13
CUST02892,13-24 Months,Two year,Male,0,14
CUST02893,13-24 Months,One year,Female,1,16
CUST02894,13-24 Months,One year,Female,0,19
CUST02895,13-24 Months,Two year,Female,0,23
CUST02896,13-24 Months,Month-to-month,Male,0,14
CUST02897,13-24 Months,Two year,Male,0,13
CUST02898,13-24 Months,Month-to-month,Male,1,20
CUST02899,13-24 Months,One year,Female,1,24
CUST02900,13-24 Months,Month-to-month,Male,1,22
CUST02901,13-24 Months,Month-to-month,Male,0,19
CUST02902,13-24 Months,Two year,Female,0,13
CUST02903,13-24 Months,Month-to-month,Female,1,19
CUST02904,13-24 Months,Two year,Male,0,18
CUST02905,13-24 Months,Month-to-month,Female,1,18
CUST02906,13-24 Months,One year,Male,0,18
CUST02907,13-24 Months,Two year,Male,1,19
CUST02908,13-24 Months,Month-to-month,Female,0,21
CUST02909,13-24 Months,Two year,Male,0,15
CUST02910,13-24 Months,One year,Male,0,13
CUST02911,13-24 Months,One year,Female,0,13
CUST02912,13-24 Months,Month-to-month,Male,0,17
CUST02913,13-24 Months,One year,Female,0,19
CUST02914,13-24 Months,One year,Male,0,22
CUST02915,13-24 Months,Month-to-month,Female,1,18
CUST02916,13-24 Months,Month-to-month,Female,0,19
CUST02917,13-24 Months,Month-to-month,Female,0,24
CUST02918,13-24 Months,Two year,Female,0,21
CUST02919,13-24 Months,Month-to-month,Female,1,21
CUST02920,13-24 Months,One year,Female,0,17
CUST02921,13-24 Months,Two year,Male,0,14
CUST02922,13-24 Months,Month-to-month,Female,1,24
CUST02923,13-24 Months,Month-to-month,Female,1,19
CUST02924,13-24 Months,One year,Female,0,13
CUST02925,13-24 Months,Month-to-month,Male,1,18
CUST02926,13-24 Months,One year,Female,0,14
CUST02927,13-24 Months,One year,Male,1,24
CUST02928,13-24 Months,One year,Male,0,19
CUST02929,13-24 Months,Month-to-month,Female,1,22
CUST02930,13-24 Months,One year,Male,0,18
CUST02931,13-24 Months,One year,Female,1,13
CUST02932,13-24 Months,Month-to-month,Male,1,20
CUST02933,13-24 Months,One year,Female,0,20
CUST02934,13-24 Months,Two year,Male,0,15
CUST02935,13-24 Months,One year,Male,0,21
CUST02936,13-24 Months,Month-to-month,Female,0,15
CUST02937,13-24 Months,Month-to-month,Female,0,21
CUST02938,13-24 Months,Month-to-month,Female,1,21
CUST02939,13-24 Months,Month-to-month,Female,1,14
CUST02940,13-24 Months,Month-to-month,Male,1,16
CUST02941,13-24 Months,Two year,Male,0,14
CUST02942,13-24 Months,Month-to-month,Male,0,21
CUST02943,13-24 Months,Two year,Male,0,15
CUST02944,13-24 Months,Month-to-month,Male,0,20
CUST02945,13-24 Months,Month-to-month,Male,1,18
CUST02946,13-24 Months,Month-to-month,Female,1,13
CUST02947,13-24 Months,Month-to-month,Female,0,23
CUST02948,13-24 Months,Two year,Female,0,21
CUST02949,13-24 Months,Two year,Female,0,16
CUST02950,13-24 Months,Two year,Female,0,23
CUST02951,13-24 Months,Month-to-month,Female,0,21
CUST02952,13-24 Months,Two year,Female,0,22
CUST02953,13-24 Months,Month-to-month,Female,1,15
CUST02954,13-24 Months,Two year,Female,0,13
CUST02955,13-24 Months,One year,Female,0,13
CUST02956,13-24 Months,Month-to-month,Female,1,19
CUST02957,13-24 Months,Month-to-month,Female,1,22
CUST02958,13-24 Months,Month-to-month,Male,0,23
CUST02959,13-24 Months,Month-to-month,Male,1,24
CUST02960,13-24 Months,Two year,Female,0,20
CUST02961,13-24 Months,Two year,Female,1,20
CUST02962,13-24 Months,Two year,Female,0,16
CUST02963,13-24 Months,Month-to-month,Female,0,13
CUST02964,13-24 Months,One year,Female,1,15
CUST02965,13-24 Months,Month-to-month,Male,0,13
CUST02966,13-24 Months,One year,Female,0,21
CUST02967,13-24 Months,Month-to-month,Female,0,19
CUST02968,13-24 Months,Month-to-month,Male,0,22
CUST02969,13-24 Months,One year,Male,0,14
CUST02970,13-24 Months,Month-to-month,Female,0,23
CUST02971,13-24 Months,Month-to-month,Female,0,21
CUST02972,13-24 Months,One year,Male,0,23
CUST02973,13-24 Months,Month-to-month,Female,0,20
CUST02974,13-24 Months,Two year,Male,0,17
CUST02975,13-24 Months,One year,Male,1,20
CUST02976,13-24 Months,Two year,Female,0,20
CUST02977,13-24 Months,One year,Male,0,15
CUST02978,13-24 Months,One year,Female,0,14
CUST02979,13-24 Months,One year,Female,0,20
CUST02980,13-24 Months,Two year,Female,0,14
CUST02981,13-24 Months,One year,Male,0,14
CUST02982,13-24 Months,Month-to-month,Female,1,13
CUST02983,13-24 Months,Month-to-month,Female,1,20
CUST02984,13-24 Months,One year,Male,1,24
CUST02985,13-24 Months,Month-to-month,Female,1,18
CUST02986,13-24 Months,Month-to-month,Male,0,14
CUST02987,13-24 Months,Month-to-month,Male,1,19
CUST02988,13-24 Months,One year,Male,0,18
CUST02989,13-24 Months,Month-to-month,Male,0,20
CUST02990,13-24 Months,One year,Male,1,18
CUST02991,13-24 Months,Two year,Female,0,19
CUST02992,13-24 Months,Two year,Male,0,16
CUST02993,13-24 Months,Month-to-month,Male,1,23
CUST02994,13-24 Months,One year,Male,1,19
CUST02995,13-24 Months,One year,Male,0,16
CUST02996,13-24 Months,Month-to-month,Male,1,13
CUST02997,13-24 Months,One year,Male,0,21
CUST02998,13-24 Months,Month-to-month,Female,1,17
CUST02999,13-24 Months,Two year,Male,0,15
CUST03000,13-24 Months,Month-to-month,Male,1,18
CUST03001,13-24 Months,Two year,Male,0,18
CUST03002,13-24 Months,One year,Female,0,22
CUST03003,13-24 Months,Month-to-month,Female,0,19
CUST03004,13-24 Months,Two year,Male,0,21
CUST03005,13-24 Months,Month-to-month,Female,1,20
CUST03006,13-24 Months,Two year,Male,0,23
CUST03007,13-24 Months,One year,Male,0,13
CUST03008,13-24 Months,Month-to-month,Female,1,17
CUST03009,13-24 Months,Month-to-month,Female,1,21
CUST03010,13-24 Months,Two year,Male,0,14
CUST03011,13-24 Months,Month-to-month,Female,1,18
CUST03012,13-24 Months,Two year,Male,0,17
CUST03013,13-24 Months,Two year,Female,0,22
CUST03014,13-24 Months,One year,Female,1,24
CUST03015,13-24 Months,Month-to-month,Female,1,14
CUST03016,13-24 Months,One year,Male,0,15
CUST03017,13-24 Months,Two year,Male,0,22
CUST03018,13-24 Months,Month-to-month,Male,0,15
CUST03019,13-24 Months,Month-to-month,Female,0,18
CUST03020,13-24 Months,Month-to-month,Male,1,24
CUST03021,13-24 Months,Month-to-month,Female,1,24
CUST03022,13-24 Months,Two year,Male,0,24
CUST03023,13-24 Months,Month-to-month,Male,0,14
CUST03024,13-24 Months,One year,Female,0,14
CUST03025,13-24 Months,Month-to-month,Male,1,15
CUST03026,13-24 Months,Month-to-month,Female,0,22
CUST03027,13-24 Months,Month-to-month,Female,0,15
CUST03028,13-24 Months,Two year,Male,1,18
CUST03029,13-24 Months,One year,Male,0,22
CUST03030,13-24 Months,Month-to-month,Female,1,18
CUST03031,13-24 Months,Two year,Male,0,24
CUST03032,13-24 Months,Month-to-month,Female,1,18
CUST03033,13-24 Months,Month-to-month,Male,0,17
CUST03034,13-24 Months,Month-to-month,Male,1,24
CUST03035,13-24 Months,Two year,Female,0,19
CUST03036,13-24 Months,One year,Male,0,15
CUST03037,13-24 Months,One year,Male,1,20
CUST03038,13-24 Months,Month-to-month,Male,1,22
CUST03039,13-24 Months,Month-to-month,Female,0,23
CUST03040,13-24 Months,One year,Female,0,13
CUST03041,13-24 Months,Month-to-month,Male,0,14
CUST03042,13-24 Months,Two year,Male,1,20
CUST03043,13-24 Months,Two year,Male,0,21
CUST03044,13-24 Months,Month-to-month,Male,0,20
CUST03045,13-24 Months,Two year,Male,0,17
CUST03046,13-24 Months,Two year,Female,0,22
CUST03047,13-24 Months,Month-to-month,Male,0,19
CUST03048,13-24 Months,One year,Male,0,24
CUST03049,13-24 Months,Two year,Female,1,17
CUST03050,13-24 Months,Month-to-month,Female,0,22
CUST03051,13-24 Months,Two year,Male,0,14
CUST03052,13-24 Months,Month-to-month,Male,0,21
CUST03053,13-24 Months,One year,Male,0,21
CUST03054,13-24 Months,Two year,Female,0,16
CUST03055,13-24 Months,One year,Male,0,13
CUST03056,13-24 Months,Month-to-month,Female,0,24
CUST03057,13-24 Months,One year,Female,0,13
CUST03058,13-24 Months,Month-to-month,Male,0,18
CUST03059,13-24 Months,Month-to-month,Male,1,13
CUST03060,13-24 Months,Month-to-month,Male,1,18
CUST03061,13-24 Months,One year,Male,0,22
CUST03062,13-24 Months,Month-to-month,Male,0,19
CUST03063,13-24 Months,Month-to-month,Female,1,15
CUST03064,13-24 Months,Two year,Female,0,17
CUST03065,13-24 Months,Month-to-month,Male,1,14
CUST03066,13-24 Months,Month-to-month,Male,0,20
CUST03067,13-24 Months,Month-to-month,Female,0,13
CUST03068,13-24 Months,Month-to-month,Female,1,17
CUST03069,13-24 Months,Two year,Female,0,13
CUST03070,13-24 Months,Month-to-month,Female,1,15
CUST03071,13-24 Months,Month-to-month,Male,0,13
CUST03072,13-24 Months,Two year,Female,0,24
CUST03073,13-24 Months,Two year,Female,0,22
CUST03074,13-24 Months,Two year,Male,0,24
CUST03075,13-24 Months,Two year,Male,0,21
CUST03076,13-24 Months,Two year,Female,0,18
CUST03077,13-24 Months,Month-to-month,Female,0,15
CUST03078,13-24 Months,One year,Female,0,24
CUST03079,13-24 Months,One year,Female,0,24
CUST03080,13-24 Months,Month-to-month,Female,1,17
CUST03081,13-24 Months,Month-to-month,Female,0,15
CUST03082,13-24 Months,Month-to-month,Female,0,17
CUST03083,13-24 Months,One year,Female,0,17
CUST03084,13-24 Months,Two year,Female,0,24
CUST03085,13-24 Months,Two year,Male,0,13
CUST03086,13-24 Months,Month-to-month,Female,1,20
CUST03087,13-24 Months,Month-to-month,Female,0,22
CUST03088,13-24 Months,Month-to-month,Male,0,22
CUST03089,13-24 Months,One year,Female,0,15
CUST03090,13-24 Months,Two year,Female,0,17
CUST03091,13-24 Months,Two year,Male,0,17
CUST03092,13-24 Months,Two year,Male,0,17
CUST03093,13-24 Months,Two year,Female,0,14
CUST03094,13-24 Months,Two year,Male,0,13
CUST03095,13-24 Months,Month-to-month,Male,1,13
CUST03096,13-24 Months,Month-to-month,Female,1,24
CUST03097,13-24 Months,Month-to-month,Female,0,18
CUST03098,13-24 Months,Month-to-month,Female,1,15
CUST03099,13-24 Months,Month-to-month,Male,1,22
CUST03100,13-24 Months,Month-to-month,Female,0,18
CUST03101,13-24 Months,Two year,Female,0,17
CUST03102,13-24 Months,Month-to-month,Male,0,14
CUST03103,13-24 Months,Two year,Male,0,17
CUST03104,13-24 Months,Two year,Female,1,20
CUST03105,13-24 Months,One year,Female,0,20
CUST03106,13-24 Months,One year,Female,0,17
CUST03107,13-24 Months,Month-to-month,Male,1,20
CUST03108,13-24 Months,One year,Female,0,22
CUST03109,13-24 Months,Month-to-month,Male,1,24
CUST03110,13-24 Months,Two year,Female,0,19
CUST03111,13-24 Months,Month-to-month,Female,1,15
CUST03112,13-24 Months,Month-to-month,Female,0,14
CUST03113,13-24 Months,One year,Female,0,14
CUST03114,13-24 Months,One year,Female,0,13
CUST03115,13-24 Months,Month-to-month,Male,0,19
CUST03116,13-24 Months,One year,Female,0,15
CUST03117,13-24 Months,Month-to-month,Male,1,15
CUST03118,13-24 Months,One year,Female,0,21
CUST03119,13-24 Months,Month-to-month,Male,1,16
CUST03120,13-24 Months,Month-to-month,Female,1,22
CUST03121,13-24 Months,Month-to-month,Male,0,14
CUST03122,13-24 Months,Month-to-month,Female,1,17
CUST03123,13-24 Months,Month-to-month,Male,1,13
CUST03124,13-24 Months,Month-to-month,Male,0,19
CUST03125,13-24 Months,Month-to-month,Male,0,14
CUST03126,13-24 Months,Month-to-month,Male,0,15
CUST03127,13-24 Months,One year,Female,0,21
CUST03128,13-24 Months,Month-to-month,Male,1,23
CUST03129,13-24 Months,One year,Female,0,19
CUST03130,13-24 Months,Two year,Male,0,24
CUST03131,13-24 Months,Month-to-month,Female,1,22
CUST03132,13-24 Months,Two year,Female,0,22
CUST03133,13-24 Months,Month-to-month,Male,1,24
CUST03134,13-24 Months,Month-to-month,Female,0,14
CUST03135,13-24 Months,Two year,Male,1,15
CUST03136,13-24 Months,Two year,Female,0,18
CUST03137,13-24 Months,Two year,Male,0,20
CUST03138,13-24 Months,Month-to-month,Male,0,24
CUST03139,13-24 Months,Two year,Male,0,14
CUST03140,13-24 Months,Month-to-month,Female,1,15
CUST03141,13-24 Months,Month-to-month,Female,1,16
CUST03142,13-24 Months,Month-to-month,Female,0,21
CUST03143,13-24 Months,Two year,Female,0,24
CUST03144,13-24 Months,Month-to-month,Male,1,24
CUST03145,13-24 Months,Two year,Female,0,21
CUST03146,13-24 Months,One year,Female,1,22
CUST03147,13-24 Months,Two year,Female,0,17
CUST03148,13-24 Months,One year,Male,0,20
CUST03149,13-24 Months,Two year,Female,0,15
CUST03150,13-24 Months,Month-to-month,Female,0,19
CUST03151,13-24 Months,Month-to-month,Female,1,16
CUST03152,13-24 Months,One year,Female,0,24
CUST03153,13-24 Months,Month-to-month,Male,1,17
CUST03154,13-24 Months,Month-to-month,Female,0,17
CUST03155,13-24 Months,Month-to-month,Male,1,17
CUST03156,13-24 Months,Month-to-month,Male,1,23
CUST03157,13-24 Months,Month-to-month,Male,1,24
CUST03158,13-24 Months,Month-to-month,Male,0,18
CUST03159,13-24 Months,Two year,Male,0,24
CUST03160,13-24 Months,Month-to-month,Female,1,22
CUST03161,13-24 Months,Two year,Female,0,23
CUST03162,13-24 Months,Two year,Male,0,23
CUST03163,13-24 Months,Month-to-month,Male,1,16
CUST03164,13-24 Months,One year,Male,0,19
CUST03165,13-24 Months,One year,Female,0,16
CUST03166,13-24 Months,One year,Female,0,16
CUST03167,13-24 Months,Month-to-month,Female,1,18
CUST03168,13-24 Months,Month-to-month,Female,1,13
CUST03169,13-24 Months,Month-to-month,Female,0,15
CUST03170,13-24 Months,One year,Female,0,22
CUST03171,13-24 Months,Two year,Male,0,14
CUST03172,13-24 Months,One year,Male,0,20
CUST03173,13-24 Months,One year,Male,0,22
CUST03174,13-24 Months,Two year,Male,0,16
CUST03175,13-24 Months,One year,Female,1,18
CUST03176,13-24 Months,Month-to-month,Female,1,23
CUST03177,13-24 Months,Two year,Male,0,23
CUST03178,13-24 Months,Month-to-month,Male,0,24
CUST03179,13-24 Months,Month-to-month,Male,0,20
CUST03180,13-24 Months,One year,Male,1,23
CUST03181,13-24 Months,Two year,Male,0,17
CUST03182,13-24 Months,Month-to-month,Male,0,20
CUST03183,13-24 Months,Month-to-month,Male,0,21
CUST03184,13-24 Months,Month-to-month,Male,1,24
CUST03185,13-24 Months,Month-to-month,Female,1,17
CUST03186,13-24 Months,Month-to-month,Female,1,23
CUST03187,13-24 Months,Two year,Female,0,19
CUST03188,13-24 Months,Two year,Male,1,14
CUST03189,13-24 Months,Month-to-month,Male,1,20
CUST03190,13-24 Months,Month-to-month,Female,0,24
CUST03191,13-24 Months,Month-to-month,Female,0,18
CUST03192,13-24 Months,Month-to-month,Male,0,19
CUST03193,13-24 Months,One year,Female,0,24
CUST03194,13-24 Months,One year,Male,0,24
CUST03195,13-24 Months,One year,Female,0,17
CUST03196,13-24 Months,Month-to-month,Female,0,22
CUST03197,13-24 Months,One year,Female,0,20
CUST03198,13-24 Months,Month-to-month,Female,1,20
CUST03199,13-24 Months,Month-to-month,Female,0,21
CUST03200,13-24 Months,Two year,Female,1,16
CUST03201,13-24 Months,Two year,Female,0,16
CUST03202,13-24 Months,Two year,Female,0,13
CUST03203,13-24 Months,Two year,Male,0,23
CUST03204,13-24 Months,One year,Female,1,16
CUST03205,13-24 Months,Two year,Female,0,21
CUST03206,13-24 Months,Month-to-month,Female,1,21
CUST03207,13-24 Months,Month-to-month,Male,0,21
CUST03208,13-24 Months,Month-to-month,Male,1,23
CUST03209,13-24 Months,Month-to-month,Male,1,23
CUST03210,13-24 Months,Month-to-month,Male,1,13
CUST03211,25-36 Months,Month-to-month,Female,1,35
CUST03212,25-36 Months,One year,Male,1,27
CUST03213,25-36 Months,Two year,Female,0,32
CUST03214,25-36 Months,One year,Male,1,33
CUST03215,25-36 Months,Month-to-month,Female,0,25
CUST03216,25-36 Months,Two year,Female,0,28
CUST03217,25-36 Months,Month-to-month,Male,0,35
CUST03218,25-36 Months,Month-to-month,Male,0,26
CUST03219,25-36 Months,Month-to-month,Male,0,27
CUST03220,25-36 Months,Month-to-month,Female,1,25
CUST03221,25-36 Months,Month-to-month,Female,0,27
CUST03222,25-36 Months,Two year,Female,0,32
CUST03223,25-36 Months,Two year,Female,0,35
CUST03224,25-36 Months,One year,Female,0,32
CUST03225,25-36 Months,Month-to-month,Female,0,28
CUST03226,25-36 Months,Two year,Male,0,35
CUST03227,25-36 Months,One year,Female,0,29
CUST03228,25-36 Months,Month-to-month,Male,0,28
CUST03229,25-36 Months,One year,Male,0,31
CUST03230,25-36 Months,Month-to-month,Male,0,26
CUST03231,25-36 Months,Month-to-month,Female,0,29
CUST03232,25-36 Months,Month-to-month,Female,0,34
CUST03233,25-36 Months,One year,Female,0,32
CUST03234,25-36 Months,Month-to-month,Male,0,36
CUST03235,25-36 Months,Month-to-month,Female,1,34
CUST03236,25-36 Months,Month-to-month,Female,1,29
CUST03237,25-36 Months,Two year,Male,0,34
CUST03238,25-36 Months,Month-to-month,Male,0,35
CUST03239,25-36 Months,Month-to-month,Male,0,32
CUST03240,25-36 Months,Month-to-month,Female,0,34
CUST03241,25-36 Months,Two year,Male,0,31
CUST03242,25-36 Months,One year,Female,0,35
CUST03243,25-36 Months,Two year,Female,0,27
CUST03244,25-36 Months,Month-to-month,Male,0,30
CUST03245,25-36 Months,Month-to-month,Male,0,28
CUST03246,25-36 Months,One year,Male,0,26
CUST03247,25-36 Months,Month-to-month,Female,0,32
CUST03248,25-36 Months,Two year,Female,0,26
CUST03249,25-36 Months,Two year,Male,0,27
CUST03250,25-36 Months,Month-to-month,Male,1,34
CUST03251,25-36 Months,Two year,Female,0,27
CUST03252,25-36 Months,One year,Female,0,35
CUST03253,25-36 Months,Month-to-month,Male,1,25
CUST03254,25-36 Months,Month-to-month,Male,0,30
CUST03255,25-36 Months,Month-to-month,Female,0,25
CUST03256,25-36 Months,Two year,Male,0,25
CUST03257,25-36 Months,Month-to-month,Male,1,34
CUST03258,25-36 Months,Month-to-month,Female,0,25
CUST03259,25-36 Months,One year,Male,0,35
CUST03260,25-36 Months,Month-to-month,Male,0,32
CUST03261,25-36 Months,Month-to-month,Male,1,30
CUST03262,25-36 Months,One year,Male,0,36
CUST03263,25-36 Months,Month-to-month,Male,0,29
CUST03264,25-36 Months,Month-to-month,Male,1,29
CUST03265,25-36 Months,Month-to-month,Female,0,29
CUST03266,25-36 Months,Month-to-month,Male,0,32
CUST03267,25-36 Months,Month-to-month,Female,1,35
CUST03268,25-36 Months,Two year,Female,0,31
CUST03269,25-36 Months,Two year,Female,0,28
CUST03270,25-36 Months,Month-to-month,Male,1,35
CUST03271,25-36 Months,Two year,Male,0,32
CUST03272,25-36 Months,One year,Male,0,34
CUST03273,25-36 Months,One year,Male,0,30
CUST03274,25-36 Months,One year,Female,0,27
CUST03275,25-36 Months,One year,Male,0,36
CUST03276,25-36 Months,Two year,Male,0,33
CUST03277,25-36 Months,Month-to-month,Female,1,28
CUST03278,25-36 Months,One year,Male,0,35
CUST03279,25-36 Months,Month-to-month,Male,1,25
CUST03280,25-36 Months,Month-to-month,Female,1,36
CUST03281,25-36 Months,One year,Male,1,31
CUST03282,25-36 Months,Month-to-month,Female,1,32
CUST03283,25-36 Months,Month-to-month,Female,0,25
CUST03284,25-36 Months,Month-to-month,Female,0,27
CUST03285,25-36 Months,Month-to-month,Female,1,33
CUST03286,25-36 Months,One year,Female,0,31
CUST03287,25-36 Months,One year,Male,0,26
CUST03288,25-36 Months,Month-to-month,Female,1,32
CUST03289,25-36 Months,Month-to-month,Male,1,33
CUST03290,25-36 Months,Month-to-month,Male,0,28
CUST03291,25-36 Months,Month-to-month,Female,0,33
CUST03292,25-36 Months,Two year,Female,0,36
CUST03293,25-36 Months,One year,Male,0,30
CUST03294,25-36 Months,Month-to-month,Male,1,27
CUST03295,25-36 Months,Month-to-month,Male,0,36
CUST03296,25-36 Months,Two year,Female,0,35
CUST03297,25-36 Months,Two year,Male,0,30
CUST03298,25-36 Months,Month-to-month,Male,0,30
CUST03299,25-36 Months,Month-to-month,Male,1,35
CUST03300,25-36 Months,Month-to-month,Female,0,25
CUST03301,25-36 Months,Two year,Male,0,28
CUST03302,25-36 Months,Month-to-month,Female,0,31
CUST03303,25-36 Months,Month-to-month,Male,0,32
CUST03304,25-36 Months,Two year,Male,0,32
CUST03305,25-36 Months,One year,Male,0,29
CUST03306,25-36 Months,Month-to-month,Female,1,35
CUST03307,25-36 Months,Month-to-month,Male,0,32
CUST03308,25-36 Months,Month-to-month,Female,0,31
CUST03309,25-36 Months,One year,Female,0,36
CUST03310,25-36 Months,Month-to-month,Male,1,26
CUST03311,25-36 Months,Two year,Male,0,33
CUST03312,25-36 Months,Two year,Female,0,36
CUST03313,25-36 Months,One year,Male,0,32
CUST03314,25-36 Months,One year,Female,0,31
CUST03315,25-36 Months,Month-to-month,Male,0,29
CUST03316,25-36 Months,Month-to-month,Male,0,28
CUST03317,25-36 Months,Two year,Male,0,31
CUST03318,25-36 Months,Month-to-month,Male,1,35
CUST03319,25-36 Months,Month-to-month,Male,0,30
CUST03320,25-36 Months,Month-to-month,Female,0,26
CUST03321,25-36 Months,Month-to-month,Male,0,30
CUST03322,25-36 Months,Month-to-month,Female,0,26
CUST03323,25-36 Months,One year,Female,0,36
CUST03324,25-36 Months,Two year,Male,0,31
CUST03325,25-36 Months,One year,Female,0,27
CUST03326,25-36 Months,Two year,Male,0,32
CUST03327,25-36 Months,Month-to-month,Male,0,31
CUST03328,25-36 Months,Two year,Female,0,31
CUST03329,25-36 Months,One year,Female,0,32
CUST03330,25-36 Months,Month-to-month,Female,1,36
CUST03331,25-36 Months,Two year,Female,0,35
CUST03332,25-36 Months,Month-to-month,Male,1,28
CUST03333,25-36 Months,Month-to-month,Male,0,27
CUST03334,25-36 Months,Month-to-month,Male,0,36
CUST03335,25-36 Months,Month-to-month,Female,0,32
CUST03336,25-36 Months,Month-to-month,Male,0,25
CUST03337,25-36 Months,One year,Female,0,31
CUST03338,25-36 Months,Two year,Male,0,26
CUST03339,25-36 Months,Month-to-month,Male,0,25
CUST03340,25-36 Months,One year,Female,1,27
CUST03341,25-36 Months,Month-to-month,Male,0,28
CUST03342,25-36 Months,Two year,Male,0,25
CUST03343,25-36 Months,Month-to-month,Female,0,35
CUST03344,25-36 Months,Month-to-month,Male,0,30
CUST03345,25-36 Months,One year,Male,0,31
CUST03346,25-36 Months,One year,Female,0,35
CUST03347,25-36 Months,Two year,Female,0,35
CUST03348,25-36 Months,One year,Male,0,34
CUST03349,25-36 Months,Two year,Male,0,27
CUST03350,25-36 Months,Month-to-month,Male,0,33
CUST03351,25-36 Months,Month-to-month,Male,1,36
CUST03352,25-36 Months,Month-to-month,Male,1,25
CUST03353,25-36 Months,Month-to-month,Female,1,35
CUST03354,25-36 Months,Month-to-month,Female,0,35
CUST03355,25-36 Months,Month-to-month,Female,1,35
CUST03356,25-36 Months,Month-to-month,Male,1,29
CUST03357,25-36 Months,One year,Male,0,27
CUST03358,25-36 Months,Month-to-month,Male,1,33
CUST03359,25-36 Months,One year,Female,0,32
CUST03360,25-36 Months,One year,Male,0,33
CUST03361,25-36 Months,Month-to-month,Male,0,28
CUST03362,25-36 Months,Month-to-month,Female,0,27
CUST03363,25-36 Months,One year,Female,0,35
CUST03364,25-36 Months,One year,Male,0,31
CUST03365,25-36 Months,Month-to-month,Male,0,35
CUST03366,25-36 Months,Month-to-month,Male,0,36
CUST03367,25-36 Months,One year,Female,0,30
CUST03368,25-36 Months,One year,Male,0,28
CUST03369,25-36 Months,Month-to-month,Female,0,35
CUST03370,25-36 Months,Month-to-month,Female,0,33
CUST03371,25-36 Months,Two year,Male,0,32
CUST03372,25-36 Months,Month-to-month,Female,1,36
CUST03373,25-36 Months,Two year,Male,0,27
CUST03374,25-36 Months,Month-to-month,Female,1,29
CUST03375,25-36 Months,One year,Female,0,25
CUST03376,25-36 Months,Month-to-month,Female,0,29
CUST03377,25-36 Months,Month-to-month,Male,0,30
CUST03378,25-36 Months,Two year,Female,0,30
CUST03379,25-36 Months,Month-to-month,Female,1,26
CUST03380,25-36 Months,Two year,Female,0,34
CUST03381,25-36 Months,Month-to-month,Female,0,30
CUST03382,25-36 Months,Two year,Male,0,30
CUST03383,25-36 Months,Two year,Female,0,35
CUST03384,25-36 Months,One year,Female,0,30
CUST03385,25-36 Months,Month-to-month,Male,0,35
CUST03386,25-36 Months,One year,Female,0,27
CUST03387,25-36 Months,One year,Male,1,35
CUST03388,25-36 Months,Two year,Female,0,36
CUST03389,25-36 Months,Month-to-month,Male,1,34
CUST03390,25-36 Months,Month-to-month,Female,1,35
CUST03391,25-36 Months,Month-to-month,Female,0,33
CUST03392,25-36 Months,One year,Female,0,32
CUST03393,25-36 Months,Two year,Male,0,34
CUST03394,25-36 Months,Month-to-month,Female,1,36
CUST03395,25-36 Months,Two year,Male,0,32
CUST03396,25-36 Months,Two year,Male,0,33
CUST03397,25-36 Months,Month-to-month,Female,1,25
CUST03398,25-36 Months,Month-to-month,Female,0,36
CUST03399,25-36 Months,One year,Female,0,34
CUST03400,25-36 Months,One year,Male,0,26
CUST03401,25-36 Months,Month-to-month,Male,0,28
CUST03402,25-36 Months,Two year,Male,0,27
CUST03403,25-36 Months,One year,Female,0,28
CUST03404,25-36 Months,Two year,Male,0,35
CUST03405,25-36 Months,Two year,Female,0,30
CUST03406,25-36 Months,Two year,Female,0,30
CUST03407,25-36 Months,One year,Female,0,34
CUST03408,25-36 Months,Month-to-month,Female,0,29
CUST03409,25-36 Months,One year,Male,1,35
CUST03410,25-36 Months,Month-to-month,Male,1,34
CUST03411,25-36 Months,One year,Female,0,28
CUST03412,25-36 Months,Month-to-month,Female,0,32
CUST03413,25-36 Months,One year,Male,0,30
CUST03414,25-36 Months,Month-to-month,Male,1,29
CUST03415,25-36 Months,Month-to-month,Female,0,35
CUST03416,25-36 Months,Month-to-month,Female,1,29
CUST03417,25-36 Months,One year,Male,0,26
CUST03418,25-36 Months,Two year,Male,0,29
CUST03419,25-36 Months,Month-to-month,Male,0,31
CUST03420,25-36 Months,Two year,Female,0,26
CUST03421,25-36 Months,Two year,Male,0,33
CUST03422,25-36 Months,Month-to-month,Female,1,27
CUST03423,25-36 Months,One year,Male,1,26
CUST03424,25-36 Months,Month-to-month,Female,0,31
CUST03425,25-36 Months,Month-to-month,Female,1,26
CUST03426,25-36 Months,One year,Female,0,34
CUST03427,25-36 Months,Month-to-month,Female,1,25
CUST03428,25-36 Months,Two year,Female,0,30
CUST03429,25-36 Months,Two year,Male,0,25
CUST03430,25-36 Months,Two year,Male,0,29
CUST03431,25-36 Months,One year,Male,0,36
CUST03432,25-36 Months,One year,Female,0,32
CUST03433,25-36 Months,Two year,Female,0,31
CUST03434,25-36 Months,Month-to-month,Female,0,26
CUST03435,25-36 Months,Month-to-month,Female,0,28
CUST03436,25-36 Months,One year,Female,0,29
CUST03437,25-36 Months,Month-to-month,Male,0,31
CUST03438,25-36 Months,Month-to-month,Male,0,27
CUST03439,25-36 Months,Month-to-month,Female,0,36
CUST03440,25-36 Months,One year,Male,1,32
CUST03441,25-36 Months,Month-to-month,Male,0,28
CUST03442,25-36 Months,Month-to-month,Female,0,26
CUST03443,25-36 Months,Month-to-month,Male,0,32
CUST03444,25-36 Months,Month-to-month,Female,1,30
CUST03445,25-36 Months,Two year,Female,0,33
CUST03446,25-36 Months,Month-to-month,Male,0,32
CUST03447,25-36 Months,One year,Male,1,32
CUST03448,25-36 Months,Two year,Female,0,35
CUST03449,25-36 Months,Month-to-month,Female,1,31
CUST03450,25-36 Months,Two year,Male,0,33
CUST03451,25-36 Months,One year,Female,0,29
CUST03452,25-36 Months,One year,Male,0,36
CUST03453,25-36 Months,Month-to-month,Male,1,29
CUST03454,25-36 Months,Month-to-month,Female,0,33
CUST03455,25-36 Months,Two year,Male,0,36
CUST03456,25-36 Months,Two year,Male,0,29
CUST03457,25-36 Months,Two year,Male,0,26
CUST03458,25-36 Months,Two year,Female,0,27
CUST03459,25-36 Months,Month-to-month,Female,0,27
CUST03460,25-36 Months,Two year,Female,0,25
CUST03461,25-36 Months,Month-to-month,Male,0,31
CUST03462,25-36 Months,Two year,Male,0,28
CUST03463,25-36 Months,Month-to-month,Male,0,26
CUST03464,25-36 Months,Month-to-month,Male,0,26
CUST03465,25-36 Months,Two year,Female,0,28
CUST03466,25-36 Months,Two year,Female,0,29
CUST03467,25-36 Months,One year,Male,0,36
CUST03468,25-36 Months,Month-to-month,Male,0,33
CUST03469,25-36 Months,Month-to-month,Male,1,33
CUST03470,25-36 Months,Two year,Female,0,33
CUST03471,25-36 Months,Month-to-month,Female,1,34
CUST03472,25-36 Months,Month-to-month,Male,0,28
CUST03473,25-36 Months,One year,Female,1,26
CUST03474,25-36 Months,Month-to-month,Female,1,31
CUST03475,25-36 Months,One year,Male,0,25
CUST03476,25-36 Months,Month-to-month,Male,0,27
CUST03477,25-36 Months,Two year,Male,0,34
CUST03478,25-36 Months,Two year,Male,0,31
CUST03479,25-36 Months,Two year,Male,0,33
CUST03480,25-36 Months,One year,Female,0,31
CUST03481,25-36 Months,Month-to-month,Female,0,31
CUST03482,25-36 Months,One year,Male,0,28
CUST03483,25-36 Months,Two year,Female,0,27
CUST03484,25-36 Months,One year,Male,0,28
CUST03485,25-36 Months,One year,Male,0,34
CUST03486,25-36 Months,Two year,Female,0,36
CUST03487,25-36 Months,One year,Male,0,25
CUST03488,25-36 Months,Two year,Male,0,31
CUST03489,25-36 Months,Month-to-month,Female,1,30
CUST03490,25-36 Months,Month-to-month,Female,0,31
CUST03491,25-36 Months,One year,Male,0,27
CUST03492,25-36 Months,Month-to-month,Female,0,25
CUST03493,25-36 Months,Two year,Female,0,27
CUST03494,25-36 Months,One year,Male,0,27
CUST03495,25-36 Months,Month-to-month,Male,0,25
CUST03496,25-36 Months,Two year,Male,0,29
CUST03497,25-36 Months,One year,Male,0,33
CUST03498,25-36 Months,Two year,Male,0,36
CUST03499,25-36 Months,Month-to-month,Female,1,32
CUST03500,25-36 Months,Two year,Female,1,27
CUST03501,25-36 Months,Month-to-month,Male,0,29
CUST03502,25-36 Months,One year,Female,0,28
CUST03503,25-36 Months,Month-to-month,Male,0,27
CUST03504,25-36 Months,One year,Male,0,36
CUST03505,25-36 Months,One year,Female,1,32
CUST03506,25-36 Months,One year,Male,0,30
CUST03507,25-36 Months,Month-to-month,Male,1,30
CUST03508,25-36 Months,Two year,Male,0,28
CUST03509,25-36 Months,One year,Female,0,30
CUST03510,25-36 Months,Month-to-month,Male,1,32
CUST03511,25-36 Months,Two year,Female,0,36
CUST03512,25-36 Months,One year,Male,0,30
CUST03513,25-36 Months,Two year,Male,0,27
CUST03514,25-36 Months,Two year,Female,0,36
CUST03515,25-36 Months,Two year,Female,0,28
CUST03516,25-36 Months,Two year,Male,0,25
CUST03517,25-36 Months,One year,Male,0,31
CUST03518,25-36 Months,Month-to-month,Female,1,34
CUST03519,25-36 Months,One year,Male,0,28
CUST03520,25-36 Months,Two year,Male,0,28
CUST03521,25-36 Months,One year,Female,0,28
CUST03522,25-36 Months,Two year,Male,0,34
CUST03523,25-36 Months,Month-to-month,Female,0,36
CUST03524,25-36 Months,Month-to-month,Female,0,35
CUST03525,25-36 Months,One year,Male,0,27
CUST03526,25-36 Months,Month-to-month,Female,0,35
CUST03527,25-36 Months,Month-to-month,Male,1,28
CUST03528,25-36 Months,Month-to-month,Male,0,35
CUST03529,25-36 Months,Two year,Male,0,36
CUST03530,25-36 Months,Month-to-month,Female,0,33
CUST03531,25-36 Months,Month-to-month,Female,0,36
CUST03532,25-36 Months,Month-to-month,Male,1,26
CUST03533,25-36 Months,Month-to-month,Male,1,32
CUST03534,25-36 Months,Month-to-month,Male,0,25
CUST03535,25-36 Months,One year,Female,0,32
CUST03536,25-36 Months,Two year,Female,0,29
CUST03537,25-36 Months,Month-to-month,Female,1,36
CUST03538,25-36 Months,One year,Male,0,30
CUST03539,25-36 Months,Month-to-month,Female,0,34
CUST03540,25-36 Months,Month-to-month,Male,0,28
CUST03541,25-36 Months,Two year,Female,0,25
CUST03542,25-36 Months,One year,Female,0,33
CUST03543,25-36 Months,Two year,Male,0,27
CUST03544,25-36 Months,Month-to-month,Male,0,33
CUST03545,25-36 Months,Month-to-month,Male,0,30
CUST03546,25-36 Months,Month-to-month,Female,0,36
CUST03547,25-36 Months,Month-to-month,Male,1,29
CUST03548,25-36 Months,Two year,Female,0,29
CUST03549,25-36 Months,Month-to-month,Male,0,33
CUST03550,25-36 Months,Two year,Male,0,34
CUST03551,25-36 Months,Two year,Female,0,26
CUST03552,25-36 Months,One year,Male,0,33
CUST03553,25-36 Months,Month-to-month,Female,0,30
CUST03554,25-36 Months,One year,Female,0,36
CUST03555,25-36 Months,Month-to-month,Female,1,32
CUST03556,25-36 Months,Two year,Female,0,34
CUST03557,25-36 Months,Month-to-month,Male,1,29
CUST03558,25-36 Months,Two year,Male,0,28
CUST03559,25-36 Months,One year,Male,0,34
CUST03560,25-36 Months,One year,Male,0,25
CUST03561,25-36 Months,One year,Male,0,31
CUST03562,25-36 Months,One year,Female,0,36
CUST03563,25-36 Months,Two year,Female,0,36
CUST03564,25-36 Months,Month-to-month,Female,1,33
CUST03565,25-36 Months,Two year,Male,0,30
CUST03566,25-36 Months,Two year,Male,0,34
CUST03567,25-36 Months,Two year,Male,0,25
CUST03568,25-36 Months,Month-to-month,Female,0,34
CUST03569,25-36 Months,Two year,Female,0,27
CUST03570,25-36 Months,Month-to-month,Male,0,33
CUST03571,25-36 Months,Two year,Female,0,29
CUST03572,25-36 Months,Month-to-month,Male,0,34
CUST03573,25-36 Months,Month-to-month,Female,0,32
CUST03574,25-36 Months,Month-to-month,Female,0,36
CUST03575,25-36 Months,Month-to-month,Male,1,34
CUST03576,25-36 Months,Month-to-month,Male,1,35
CUST03577,25-36 Months,Two year,Male,0,26
CUST03578,25-36 Months,Month-to-month,Female,1,29
CUST03579,25-36 Months,Two year,Female,0,30
CUST03580,25-36 Months,Month-to-month,Male,1,25
CUST03581,25-36 Months,Two year,Male,1,25
CUST03582,25-36 Months,Two year,Male,0,25
CUST03583,25-36 Months,Month-to-month,Male,0,34
CUST03584,25-36 Months,Two year,Female,0,30
CUST03585,25-36 Months,Two year,Female,0,34
CUST03586,25-36 Months,Two year,Male,0,35
CUST03587,25-36 Months,Month-to-month,Male,0,25
CUST03588,25-36 Months,Month-to-month,Female,0,35
CUST03589,25-36 Months,Two year,Female,0,27
CUST03590,25-36 Months,Month-to-month,Male,0,29
CUST03591,25-36 Months,Two year,Male,0,36
CUST03592,25-36 Months,Month-to-month,Male,1,28
CUST03593,25-36 Months,Two year,Female,0,36
CUST03594,25-36 Months,Month-to-month,Male,0,31
CUST03595,25-36 Months,Month-to-month,Male,1,25
CUST03596,25-36 Months,Two year,Male,0,34
CUST03597,25-36 Months,Two year,Female,0,25
CUST03598,25-36 Months,Two year,Male,0,32
CUST03599,25-36 Months,Two year,Male,0,30
CUST03600,25-36 Months,Month-to-month,Male,0,26
CUST03601,25-36 Months,Month-to-month,Male,1,31
CUST03602,25-36 Months,Month-to-month,Male,0,29
CUST03603,25-36 Months,One year,Female,0,26
CUST03604,25-36 Months,Month-to-month,Male,0,31
CUST03605,25-36 Months,Two year,Male,0,25
CUST03606,25-36 Months,Month-to-month,Female,1,31
CUST03607,25-36 Months,Month-to-month,Female,0,27
CUST03608,25-36 Months,Month-to-month,Male,0,34
CUST03609,25-36 Months,Month-to-month,Female,1,36
CUST03610,25-36 Months,Month-to-month,Male,0,36
CUST03611,25-36 Months,One year,Female,0,36
CUST03612,25-36 Months,Month-to-month,Female,0,26
CUST03613,25-36 Months,One year,Female,1,31
CUST03614,25-36 Months,Two year,Male,0,27
CUST03615,25-36 Months,One year,Male,0,26
CUST03616,25-36 Months,One year,Female,0,29
CUST03617,25-36 Months,Month-to-month,Female,1,30
CUST03618,25-36 Months,Month-to-month,Female,0,28
CUST03619,25-36 Months,Month-to-month,Male,0,26
CUST03620,25-36 Months,Two year,Male,0,29
CUST03621,25-36 Months,One year,Male,0,26
CUST03622,25-36 Months,Month-to-month,Female,0,25
CUST03623,25-36 Months,Month-to-month,Male,1,30
CUST03624,25-36 Months,Two year,Female,0,25
CUST03625,25-36 Months,One year,Female,0,36
CUST03626,25-36 Months,One year,Female,0,35
CUST03627,25-36 Months,Two year,Female,0,36
CUST03628,25-36 Months,One year,Female,0,26
CUST03629,25-36 Months,One year,Male,0,30
CUST03630,25-36 Months,Month-to-month,Female,1,34
CUST03631,25-36 Months,Month-to-month,Male,1,31
CUST03632,25-36 Months,Two year,Male,0,28
CUST03633,25-36 Months,One year,Male,0,34
CUST03634,25-36 Months,Month-to-month,Female,0,28
CUST03635,25-36 Months,One year,Male,0,36
CUST03636,25-36 Months,Month-to-month,Female,1,26
CUST03637,25-36 Months,Two year,Female,0,33
CUST03638,25-36 Months,Month-to-month,Male,0,25
CUST03639,25-36 Months,Two year,Male,0,35
CUST03640,25-36 Months,One year,Male,0,29
CUST03641,25-36 Months,Month-to-month,Male,1,25
CUST03642,25-36 Months,Month-to-month,Male,1,35
CUST03643,25-36 Months,Two year,Male,0,36
CUST03644,25-36 Months,Month-to-month,Male,0,36
CUST03645,25-36 Months,Month-to-month,Male,0,30
CUST03646,25-36 Months,Two year,Female,0,25
CUST03647,25-36 Months,Month-to-month,Male,0,27
CUST03648,25-36 Months,Month-to-month,Male,0,25
CUST03649,25-36 Months,Month-to-month,Male,0,25
CUST03650,25-36 Months,Two year,Female,0,26
CUST03651,25-36 Months,Month-to-month,Female,0,31
CUST03652,25-36 Months,Month-to-month,Male,0,34
CUST03653,25-36 Months,Month-to-month,Female,0,32
CUST03654,25-36 Months,Month-to-month,Female,0,27
CUST03655,25-36 Months,Month-to-month,Male,0,32
CUST03656,25-36 Months,Month-to-month,Male,0,27
CUST03657,25-36 Months,Month-to-month,Male,0,30
CUST03658,25-36 Months,Month-to-month,Male,0,35
CUST03659,25-36 Months,Two year,Female,0,26
CUST03660,25-36 Months,Month-to-month,Female,1,35
CUST03661,25-36 Months,Month-to-month,Male,1,28
CUST03662,25-36 Months,Two year,Female,0,33
CUST03663,25-36 Months,Two year,Male,0,28
CUST03664,25-36 Months,One year,Male,0,26
CUST03665,25-36 Months,Month-to-month,Male,0,30
CUST03666,25-36 Months,Month-to-month,Male,1,29
CUST03667,25-36 Months,Month-to-month,Male,0,31
CUST03668,25-36 Months,Month-to-month,Male,1,27
CUST03669,25-36 Months,Month-to-month,Female,0,36
CUST03670,25-36 Months,One year,Male,0,33
CUST03671,25-36 Months,Month-to-month,Female,0,35
CUST03672,25-36 Months,One year,Male,0,34
CUST03673,25-36 Months,Month-to-month,Female,0,33
CUST03674,25-36 Months,Month-to-month,Male,0,26
CUST03675,25-36 Months,Two year,Male,0,32
CUST03676,25-36 Months,Two year,Female,0,35
CUST03677,25-36 Months,Month-to-month,Male,0,26
CUST03678,25-36 Months,One year,Female,0,30
CUST03679,25-36 Months,Month-to-month,Female,0,27
CUST03680,25-36 Months,Month-to-month,Female,0,34
CUST03681,25-36 Months,Two year,Female,0,36
CUST03682,25-36 Months,Month-to-month,Male,0,25
CUST03683,25-36 Months,Month-to-month,Male,1,34
CUST03684,25-36 Months,Month-to-month,Male,1,29
CUST03685,25-36 Months,Month-to-month,Male,0,36
CUST03686,25-36 Months,Month-to-month,Male,0,25
CUST03687,25-36 Months,Month-to-month,Male,0,27
CUST03688,25-36 Months,Two year,Male,0,33
CUST03689,25-36 Months,One year,Female,0,34
CUST03690,25-36 Months,Month-to-month,Male,1,25
CUST03691,25-36 Months,Month-to-month,Male,1,26
CUST03692,25-36 Months,One year,Female,0,29
CUST03693,25-36 Months,Month-to-month,Female,0,25
CUST03694,25-36 Months,One year,Female,0,34
CUST03695,25-36 Months,Two year,Female,0,33
CUST03696,25-36 Months,Month-to-month,Male,0,33
CUST03697,25-36 Months,Month-to-month,Female,1,30
CUST03698,25-36 Months,Month-to-month,Male,1,32
CUST03699,25-36 Months,Month-to-month,Male,0,31
CUST03700,25-36 Months,Month-to-month,Female,0,33
CUST03701,25-36 Months,Two year,Male,0,30
CUST03702,25-36 Months,Month-to-month,Male,0,32
CUST03703,25-36 Months,One year,Male,0,32
CUST03704,25-36 Months,One year,Male,0,32
CUST03705,25-36 Months,Month-to-month,Male,0,35
CUST03706,25-36 Months,Month-to-month,Female,0,29
CUST03707,25-36 Months,Month-to-month,Female,1,35
CUST03708,25-36 Months,One year,Female,0,25
CUST03709,25-36 Months,Month-to-month,Female,0,30
CUST03710,25-36 Months,Two year,Male,0,30
CUST03711,25-36 Months,Two year,Female,0,35
CUST03712,25-36 Months,Two year,Male,0,25
CUST03713,25-36 Months,Two year,Female,0,27
CUST03714,25-36 Months,Two year,Male,0,30
CUST03715,25-36 Months,Two year,Female,0,34
CUST03716,25-36 Months,Two year,Male,0,30
CUST03717,25-36 Months,Two year,Male,1,32
CUST03718,25-36 Months,Two year,Female,0,27
CUST03719,25-36 Months,Two year,Male,0,36
CUST03720,25-36 Months,Month-to-month,Female,0,34
CUST03721,25-36 Months,One year,Male,0,25
CUST03722,25-36 Months,One year,Male,0,33
CUST03723,25-36 Months,Two year,Female,0,26
CUST03724,25-36 Months,Month-to-month,Female,1,31
CUST03725,25-36 Months,Two year,Female,0,33
CUST03726,25-36 Months,Two year,Male,0,36
CUST03727,25-36 Months,Two year,Male,0,25
CUST03728,25-36 Months,Month-to-month,Female,0,28
CUST03729,25-36 Months,One year,Female,0,33
CUST03730,25-36 Months,Two year,Female,0,28
CUST03731,25-36 Months,Two year,Male,0,33
CUST03732,25-36 Months,Two year,Female,0,27
CUST03733,25-36 Months,One year,Female,0,26
CUST03734,25-36 Months,One year,Male,0,31
CUST03735,25-36 Months,Month-to-month,Female,0,33
CUST03736,25-36 Months,Two year,Male,0,27
CUST03737,25-36 Months,Month-to-month,Female,0,35
CUST03738,25-36 Months,Two year,Female,0,35
CUST03739,25-36 Months,Two year,Male,0,25
CUST03740,25-36 Months,Month-to-month,Female,1,28
CUST03741,25-36 Months,Month-to-month,Female,1,31
CUST03742,25-36 Months,Month-to-month,Male,1,30
CUST03743,25-36 Months,Two year,Male,0,28
CUST03744,25-36 Months,One year,Male,0,31
CUST03745,25-36 Months,Month-to-month,Female,1,36
CUST03746,25-36 Months,One year,Female,0,28
CUST03747,25-36 Months,Month-to-month,Female,1,27
CUST03748,25-36 Months,Two year,Male,0,33
CUST03749,25-36 Months,Month-to-month,Male,1,31
CUST03750,25-36 Months,Month-to-month,Male,1,33
CUST03751,25-36 Months,Month-to-month,Male,1,32
CUST03752,25-36 Months,One year,Female,0,34
CUST03753,25-36 Months,Month-to-month,Male,0,33
CUST03754,25-36 Months,Two year,Female,0,32
CUST03755,25-36 Months,Month-to-month,Female,1,30
CUST03756,25-36 Months,Month-to-month,Male,1,30
CUST03757,25-36 Months,Month-to-month,Male,0,28
CUST03758,25-36 Months,Month-to-month,Female,0,30
CUST03759,25-36 Months,Two year,Female,0,32
CUST03760,25-36 Months,Month-to-month,Male,1,33
CUST03761,25-36 Months,Two year,Female,0,34
CUST03762,25-36 Months,Month-to-month,Male,1,29
CUST03763,25-36 Months,Month-to-month,Male,0,33
CUST03764,25-36 Months,Month-to-month,Female,0,30
CUST03765,25-36 Months,Month-to-month,Female,1,29
CUST03766,25-36 Months,Two year,Female,0,26
CUST03767,25-36 Months,One year,Male,0,28
CUST03768,25-36 Months,Month-to-month,Female,1,33
CUST03769,25-36 Months,One year,Male,0,27
CUST03770,25-36 Months,One year,Female,0,25
CUST03771,25-36 Months,Two year,Male,0,28
CUST03772,25-36 Months,Two year,Female,0,36
CUST03773,25-36 Months,One year,Female,0,26
CUST03774,25-36 Months,Two year,Male,0,26
CUST03775,25-36 Months,Two year,Male,0,29
CUST03776,25-36 Months,Month-to-month,Female,0,29
CUST03777,25-36 Months,One year,Female,0,36
CUST03778,25-36 Months,Month-to-month,Male,1,27
CUST03779,25-36 Months,Two year,Female,0,30
CUST03780,25-36 Months,Two year,Female,0,28
CUST03781,25-36 Months,Month-to-month,Female,0,27
CUST03782,25-36 Months,Two year,Female,0,28
CUST03783,25-36 Months,Two year,Male,0,28
CUST03784,25-36 Months,Month-to-month,Male,1,33
CUST03785,25-36 Months,One year,Male,0,34
CUST03786,25-36 Months,Two year,Male,0,27
CUST03787,25-36 Months,Two year,Female,0,30
CUST03788,25-36 Months,Month-to-month,Male,0,28
CUST03789,25-36 Months,Month-to-month,Female,0,35
CUST03790,25-36 Months,One year,Female,0,26
CUST03791,25-36 Months,Month-to-month,Male,0,29
CUST03792,25-36 Months,Month-to-month,Female,0,28
CUST03793,25-36 Months,Month-to-month,Female,0,29
CUST03794,25-36 Months,Month-to-month,Female,1,36
CUST03795,25-36 Months,One year,Male,0,31
CUST03796,25-36 Months,One year,Female,0,29
CUST03797,25-36 Months,One year,Male,0,34
CUST03798,25-36 Months,Two year,Male,0,34
CUST03799,25-36 Months,Month-to-month,Male,1,26
CUST03800,25-36 Months,Month-to-month,Female,1,30
CUST03801,25-36 Months,Month-to-month,Male,0,29
CUST03802,25-36 Months,Month-to-month,Female,1,30
CUST03803,25-36 Months,Month-to-month,Male,1,29
CUST03804,25-36 Months,Month-to-month,Male,0,34
CUST03805,25-36 Months,Month-to-month,Female,1,36
CUST03806,25-36 Months,Month-to-month,Male,1,25
CUST03807,25-36 Months,One year,Male,0,35
CUST03808,25-36 Months,One year,Female,0,35
CUST03809,25-36 Months,Two year,Female,0,29
CUST03810,25-36 Months,Two year,Male,0,30
CUST03811,25-36 Months,One year,Male,0,26
CUST03812,25-36 Months,Month-to-month,Male,1,29
CUST03813,25-36 Months,One year,Female,1,27
CUST03814,25-36 Months,Month-to-month,Male,0,35
CUST03815,25-36 Months,Month-to-month,Male,0,26
CUST03816,25-36 Months,Month-to-month,Male,1,29
CUST03817,25-36 Months,Month-to-month,Female,1,30
CUST03818,25-36 Months,Month-to-month,Female,0,36
CUST03819,25-36 Months,One year,Male,0,34
CUST03820,25-36 Months,Two year,Female,0,36
CUST03821,25-36 Months,Two year,Female,0,28
CUST03822,25-36 Months,One year,Male,0,28
CUST03823,25-36 Months,One year,Female,1,31
CUST03824,25-36 Months,Month-to-month,Female,0,29
CUST03825,25-36 Months,Two year,Female,0,25
CUST03826,25-36 Months,One year,Male,0,34
CUST03827,25-36 Months,Month-to-month,Male,1,26
CUST03828,25-36 Months,Month-to-month,Female,1,27
CUST03829,25-36 Months,Two year,Female,0,36
CUST03830,25-36 Months,One year,Male,0,33
CUST03831,25-36 Months,Month-to-month,Female,1,32
CUST03832,25-36 Months,One year,Male,0,26
CUST03833,25-36 Months,Month-to-month,Male,1,28
CUST03834,25-36 Months,Month-to-month,Female,0,27
CUST03835,25-36 Months,Month-to-month,Male,0,32
CUST03836,25-36 Months,Month-to-month,Female,0,31
CUST03837,25-36 Months,One year,Male,0,29
CUST03838,25-36 Months,Month-to-month,Female,1,33
CUST03839,25-36 Months,Two year,Male,0,34
CUST03840,25-36 Months,Month-to-month,Male,0,33
CUST03841,25-36 Months,One year,Male,0,26
CUST03842,25-36 Months,One year,Male,0,32
CUST03843,25-36 Months,One year,Female,0,27
CUST03844,25-36 Months,One year,Male,0,28
CUST03845,25-36 Months,Two year,Male,0,36
CUST03846,25-36 Months,One year,Female,1,29
CUST03847,25-36 Months,Two year,Female,0,34
CUST03848,25-36 Months,One year,Female,0,27
CUST03849,25-36 Months,Month-to-month,Female,1,36
CUST03850,25-36 Months,Month-to-month,Male,0,28
CUST03851,25-36 Months,Month-to-month,Female,0,27
CUST03852,25-36 Months,Month-to-month,Male,1,28
CUST03853,25-36 Months,Month-to-month,Male,1,27
CUST03854,25-36 Months,Month-to-month,Female,1,32
CUST03855,25-36 Months,One year,Male,0,26
CUST03856,25-36 Months,Month-to-month,Female,0,27
CUST03857,25-36 Months,Two year,Female,0,33
CUST03858,25-36 Months,Month-to-month,Female,1,25
CUST03859,25-36 Months,One year,Female,0,30
CUST03860,25-36 Months,Month-to-month,Female,1,33
CUST03861,25-36 Months,Month-to-month,Female,0,30
CUST03862,25-36 Months,Month-to-month,Female,1,25
CUST03863,25-36 Months,One year,Female,0,26
CUST03864,25-36 Months,Month-to-month,Male,0,36
CUST03865,25-36 Months,Two year,Female,0,34
CUST03866,25-36 Months,Month-to-month,Male,0,29
CUST03867,25-36 Months,One year,Male,0,35
CUST03868,25-36 Months,Month-to-month,Male,0,25
CUST03869,25-36 Months,One year,Male,0,25
CUST03870,25-36 Months,Month-to-month,Male,0,35
CUST03871,25-36 Months,Month-to-month,Male,1,33
CUST03872,25-36 Months,Month-to-month,Male,0,32
CUST03873,25-36 Months,Month-to-month,Male,0,29
CUST03874,25-36 Months,Month-to-month,Female,1,34
CUST03875,25-36 Months,Two year,Male,1,32
CUST03876,25-36 Months,Month-to-month,Male,0,30
CUST03877,25-36 Months,Month-to-month,Female,0,29
CUST03878,25-36 Months,Two year,Male,0,29
CUST03879,25-36 Months,Month-to-month,Male,1,31
CUST03880,25-36 Months,Month-to-month,Male,0,32
CUST03881,25-36 Months,One year,Female,0,34
CUST03882,25-36 Months,Two year,Female,0,29
CUST03883,25-36 Months,One year,Female,0,28
CUST03884,25-36 Months,Month-to-month,Male,0,31
CUST03885,25-36 Months,Two year,Male,0,32
CUST03886,25-36 Months,Month-to-month,Male,0,28
CUST03887,25-36 Months,Two year,Female,0,25
CUST03888,25-36 Months,Two year,Female,0,28
CUST03889,25-36 Months,Two year,Male,0,25
CUST03890,25-36 Months,Month-to-month,Male,0,25
CUST03891,25-36 Months,Month-to-month,Male,1,36
CUST03892,25-36 Months,One year,Female,0,34
CUST03893,25-36 Months,One year,Female,1,25
CUST03894,25-36 Months,One year,Male,0,29
CUST03895,25-36 Months,Two year,Male,0,28
CUST03896,25-36 Months,One year,Female,0,36
CUST03897,25-36 Months,Month-to-month,Male,0,30
CUST03898,25-36 Months,Month-to-month,Male,1,28
CUST03899,25-36 Months,Month-to-month,Male,0,32
CUST03900,25-36 Months,Month-to-month,Female,0,30
CUST03901,25-36 Months,Month-to-month,Female,0,27
CUST03902,25-36 Months,Two year,Male,0,28
CUST03903,25-36 Months,One year,Male,0,26
CUST03904,25-36 Months,One year,Male,0,33
CUST03905,25-36 Months,Month-to-month,Male,1,36
CUST03906,25-36 Months,One year,Female,0,34
CUST03907,25-36 Months,Two year,Female,0,29
CUST03908,25-36 Months,Two year,Female,0,30
CUST03909,25-36 Months,One year,Male,0,25
CUST03910,25-36 Months,Two year,Female,0,29
CUST03911,25-36 Months,One year,Male,0,25
CUST03912,25-36 Months,Month-to-month,Male,0,33
CUST03913,25-36 Months,Two year,Male,0,35
CUST03914,25-36 Months,Month-to-month,Male,1,27
CUST03915,25-36 Months,Month-to-month,Male,1,33
CUST03916,25-36 Months,Month-to-month,Female,0,32
CUST03917,25-36 Months,One year,Male,0,30
CUST03918,25-36 Months,One year,Female,0,33
CUST03919,25-36 Months,One year,Female,1,33
CUST03920,25-36 Months,Month-to-month,Male,0,28
CUST03921,25-36 Months,Month-to-month,Male,1,34
CUST03922,25-36 Months,Two year,Male,0,32
CUST03923,25-36 Months,Month-to-month,Female,0,28
CUST03924,25-36 Months,Two year,Male,0,33
CUST03925,25-36 Months,Month-to-month,Male,0,32
CUST03926,25-36 Months,One year,Male,1,26
CUST03927,25-36 Months,One year,Female,0,26
CUST03928,25-36 Months,Two year,Male,0,28
CUST03929,25-36 Months,Month-to-month,Male,1,25
CUST03930,25-36 Months,Two year,Male,0,29
CUST03931,25-36 Months,One year,Female,0,30
CUST03932,25-36 Months,One year,Male,0,34
CUST03933,25-36 Months,One year,Female,0,27
CUST03934,25-36 Months,Month-to-month,Female,0,31
CUST03935,25-36 Months,Month-to-month,Female,0,32
CUST03936,25-36 Months,Month-to-month,Male,0,30
CUST03937,25-36 Months,Month-to-month,Male,0,35
CUST03938,25-36 Months,One year,Female,0,28
CUST03939,25-36 Months,Month-to-month,Female,0,29
CUST03940,25-36 Months,Month-to-month,Female,0,25
CUST03941,25-36 Months,Month-to-month,Female,0,29
CUST03942,25-36 Months,Month-to-month,Male,0,25
CUST03943,25-36 Months,Month-to-month,Female,0,36
CUST03944,25-36 Months,One year,Female,0,27
CUST03945,25-36 Months,Month-to-month,Male,1,34
CUST03946,25-36 Months,Two year,Female,0,26
CUST03947,25-36 Months,Month-to-month,Male,0,28
CUST03948,25-36 Months,Month-to-month,Male,0,26
CUST03949,25-36 Months,Two year,Male,0,29
CUST03950,25-36 Months,Month-to-month,Male,1,32
CUST03951,25-36 Months,Month-to-month,Female,0,30
CUST03952,25-36 Months,Two year,Male,0,32
CUST03953,25-36 Months,Two year,Male,0,34
CUST03954,25-36 Months,One year,Female,1,25
CUST03955,25-36 Months,Month-to-month,Male,0,30
CUST03956,25-36 Months,One year,Male,0,32
CUST03957,25-36 Months,Two year,Male,0,31
CUST03958,25-36 Months,Two year,Male,0,26
CUST03959,25-36 Months,Month-to-month,Female,1,27
CUST03960,25-36 Months,Month-to-month,Male,0,29
CUST03961,25-36 Months,Month-to-month,Male,1,32
CUST03962,25-36 Months,Month-to-month,Male,0,36
CUST03963,25-36 Months,One year,Female,0,29
CUST03964,25-36 Months,Month-to-month,Male,0,31
CUST03965,25-36 Months,Month-to-month,Male,1,28
CUST03966,25-36 Months,Month-to-month,Female,0,25
CUST03967,25-36 Months,Month-to-month,Male,0,29
CUST03968,25-36 Months,Month-to-month,Male,0,29
CUST03969,25-36 Months,Month-to-month,Male,0,26
CUST03970,25-36 Months,Month-to-month,Male,1,33
CUST03971,25-36 Months,Two year,Female,1,28
CUST03972,25-36 Months,Month-to-month,Male,0,27
CUST03973,25-36 Months,One year,Male,1,29
CUST03974,25-36 Months,Month-to-month,Male,1,36
CUST03975,25-36 Months,Month-to-month,Female,0,32
CUST03976,25-36 Months,Month-to-month,Female,0,30
CUST03977,25-36 Months,Month-to-month,Male,0,34
CUST03978,25-36 Months,Month-to-month,Female,0,25
CUST03979,25-36 Months,Month-to-month,Male,0,29
CUST03980,25-36 Months,One year,Male,0,31
CUST03981,25-36 Months,Month-to-month,Male,1,30
CUST03982,25-36 Months,Month-to-month,Female,1,33
CUST03983,25-36 Months,One year,Male,0,33
CUST03984,25-36 Months,Month-to-month,Female,0,30
CUST03985,25-36 Months,Month-to-month,Male,0,36
CUST03986,25-36 Months,Month-to-month,Female,0,36
CUST03987,25-36 Months,Month-to-month,Male,0,30
CUST03988,25-36 Months,Month-to-month,Female,1,35
CUST03989,25-36 Months,Two year,Female,0,32
CUST03990,25-36 Months,Two year,Male,0,26
CUST03991,25-36 Months,Two year,Male,0,26
CUST03992,25-36 Months,Month-to-month,Male,1,25
CUST03993,25-36 Months,Month-to-month,Male,1,27
CUST03994,25-36 Months,Month-to-month,Male,0,28
CUST03995,25-36 Months,Month-to-month,Female,0,25
CUST03996,25-36 Months,Month-to-month,Male,0,32
CUST03997,25-36 Months,Month-to-month,Male,0,29
CUST03998,25-36 Months,Month-to-month,Male,1,32
CUST03999,25-36 Months,Month-to-month,Female,0,31
CUST04000,25-36 Months,Month-to-month,Male,1,28
CUST04001,25-36 Months,One year,Female,1,32
CUST04002,25-36 Months,Month-to-month,Male,1,36
CUST04003,25-36 Months,Two year,Male,0,28
CUST04004,25-36 Months,Month-to-month,Male,1,28
CUST04005,25-36 Months,One year,Female,0,31
CUST04006,25-36 Months,Month-to-month,Female,1,34
CUST04007,25-36 Months,Month-to-month,Female,1,31
CUST04008,25-36 Months,Month-to-month,Female,1,34
CUST04009,25-36 Months,Month-to-month,Female,0,25
CUST04010,25-36 Months,One year,Male,0,26
CUST04011,25-36 Months,Month-to-month,Female,1,29
CUST04012,25-36 Months,Month-to-month,Female,1,27
CUST04013,25-36 Months,Two year,Male,0,25
CUST04014,25-36 Months,Month-to-month,Female,1,27
CUST04015,25-36 Months,One year,Female,1,28
CUST04016,25-36 Months,One year,Male,0,36
CUST04017,25-36 Months,Month-to-month,Female,1,34
CUST04018,25-36 Months,Month-to-month,Female,0,29
CUST04019,25-36 Months,Month-to-month,Male,1,36
CUST04020,25-36 Months,Two year,Female,0,35
CUST04021,25-36 Months,Month-to-month,Female,0,28
CUST04022,25-36 Months,Month-to-month,Female,1,30
CUST04023,25-36 Months,Month-to-month,Female,0,36
CUST04024,25-36 Months,Two year,Male,0,30
CUST04025,25-36 Months,Two year,Female,0,29
CUST04026,25-36 Months,Two year,Female,0,35
CUST04027,25-36 Months,One year,Female,0,32
CUST04028,25-36 Months,One year,Male,0,30
CUST04029,25-36 Months,Month-to-month,Female,0,35
CUST04030,25-36 Months,Two year,Male,0,33
CUST04031,25-36 Months,One year,Female,0,29
CUST04032,25-36 Months,Month-to-month,Male,1,30
CUST04033,25-36 Months,One year,Female,0,25
CUST04034,25-36 Months,One year,Female,0,26
CUST04035,25-36 Months,Month-to-month,Male,1,36
CUST04036,25-36 Months,Month-to-month,Female,1,25
CUST04037,25-36 Months,Month-to-month,Male,1,35
CUST04038,25-36 Months,Two year,Male,0,27
CUST04039,25-36 Months,Month-to-month,Male,1,31
CUST04040,25-36 Months,Two year,Female,0,33
CUST04041,25-36 Months,Month-to-month,Male,1,36
CUST04042,25-36 Months,Two year,Female,0,29
CUST04043,37-48 Months,Month-to-month,Male,0,48
CUST04044,37-48 Months,Two year,Male,0,42
CUST04045,37-48 Months,Month-to-month,Male,0,47
CUST04046,37-48 Months,Month-to-month,Male,1,38
CUST04047,37-48 Months,Month-to-month,Male,0,40
CUST04048,37-48 Months,Month-to-month,Male,0,44
CUST04049,37-48 Months,Month-to-month,Female,0,45
CUST04050,37-48 Months,One year,Male,0,46
CUST04051,37-48 Months,Two year,Female,0,41
CUST04052,37-48 Months,One year,Female,0,44
CUST04053,37-48 Months,One year,Male,0,44
CUST04054,37-48 Months,Month-to-month,Female,0,48
CUST04055,37-48 Months,Two year,Male,0,38
CUST04056,37-48 Months,Two year,Female,0,37
CUST04057,37-48 Months,Month-to-month,Female,0,43
CUST04058,37-48 Months,Two year,Male,0,37
CUST04059,37-48 Months,Month-to-month,Female,0,39
CUST04060,37-48 Months,Two year,Male,0,43
CUST04061,37-48 Months,Two year,Male,0,40
CUST04062,37-48 Months,One year,Male,0,40
CUST04063,37-48 Months,Month-to-month,Female,1,41
CUST04064,37-48 Months,One year,Male,0,45
CUST04065,37-48 Months,Month-to-month,Female,1,41
CUST04066,37-48 Months,Two year,Female,0,46
CUST04067,37-48 Months,Month-to-month,Female,1,38
CUST04068,37-48 Months,One year,Female,1,38
CUST04069,37-48 Months,Two year,Male,0,38
CUST04070,37-48 Months,Month-to-month,Female,1,48
CUST04071,37-48 Months,Month-to-month,Female,0,40
CUST04072,37-48 Months,One year,Male,0,37
CUST04073,37-48 Months,Month-to-month,Male,0,40
CUST04074,37-48 Months,Month-to-month,Female,1,45
CUST04075,37-48 Months,Month-to-month,Female,0,41
CUST04076,37-48 Months,Month-to-month,Female,0,41
CUST04077,37-48 Months,One year,Male,0,38
CUST04078,37-48 Months,One year,Male,0,45
CUST04079,37-48 Months,Month-to-month,Male,1,39
CUST04080,37-48 Months,Month-to-month,Male,0,38
CUST04081,37-48 Months,Month-to-month,Female,0,45
CUST04082,37-48 Months,Month-to-month,Male,0,48
CUST04083,37-48 Months,Two year,Female,0,44
CUST04084,37-48 Months,Month-to-month,Female,0,48
CUST04085,37-48 Months,One year,Female,1,41
CUST04086,37-48 Months,Two year,Female,0,43
CUST04087,37-48 Months,One year,Male,0,41
CUST04088,37-48 Months,One year,Female,0,43
CUST04089,37-48 Months,Month-to-month,Female,0,47
CUST04090,37-48 Months,Month-to-month,Female,1,44
CUST04091,37-48 Months,Month-to-month,Male,0,37
CUST04092,37-48 Months,Two year,Male,0,43
CUST04093,37-48 Months,Two year,Male,0,41
CUST04094,37-48 Months,Month-to-month,Male,1,43
CUST04095,37-48 Months,Month-to-month,Male,0,43
CUST04096,37-48 Months,Month-to-month,Female,0,44
CUST04097,37-48 Months,One year,Female,1,47
CUST04098,37-48 Months,One year,Female,1,47
CUST04099,37-48 Months,One year,Female,0,48
CUST04100,37-48 Months,Two year,Male,0,44
CUST04101,37-48 Months,Month-to-month,Female,0,40
CUST04102,37-48 Months,One year,Female,1,39
CUST04103,37-48 Months,One year,Male,0,47
CUST04104,37-48 Months,Month-to-month,Female,0,47
CUST04105,37-48 Months,Two year,Female,0,37
CUST04106,37-48 Months,Month-to-month,Female,1,39
CUST04107,37-48 Months,One year,Male,0,45
CUST04108,37-48 Months,Two year,Female,0,38
CUST04109,37-48 Months,Two year,Female,0,37
CUST04110,37-48 Months,One year,Female,0,48
CUST04111,37-48 Months,Month-to-month,Male,1,38
CUST04112,37-48 Months,Two year,Female,0,39
CUST04113,37-48 Months,Two year,Female,0,48
CUST04114,37-48 Months,One year,Male,0,38
CUST04115,37-48 Months,Two year,Male,0,46
CUST04116,37-48 Months,Month-to-month,Female,0,43
CUST04117,37-48 Months,One year,Female,0,43
CUST04118,37-48 Months,Two year,Female,0,46
CUST04119,37-48 Months,Month-to-month,Male,1,37
CUST04120,37-48 Months,Month-to-month,Female,0,37
CUST04121,37-48 Months,Two year,Male,0,39
CUST04122,37-48 Months,Two year,Male,0,42
CUST04123,37-48 Months,Two year,Male,0,48
CUST04124,37-48 Months,Month-to-month,Female,0,37
CUST04125,37-48 Months,Two year,Male,0,42
CUST04126,37-48 Months,Month-to-month,Male,0,42
CUST04127,37-48 Months,One year,Male,0,39
CUST04128,37-48 Months,Month-to-month,Female,1,41
CUST04129,37-48 Months,Two year,Male,0,39
CUST04130,37-48 Months,Two year,Male,0,38
CUST04131,37-48 Months,Two year,Male,0,43
CUST04132,37-48 Months,One year,Male,0,48
CUST04133,37-48 Months,Month-to-month,Male,0,41
CUST04134,37-48 Months,One year,Female,0,44
CUST04135,37-48 Months,One year,Male,0,45
CUST04136,37-48 Months,Month-to-month,Male,0,47
CUST04137,37-48 Months,One year,Male,0,46
CUST04138,37-48 Months,Two year,Female,0,47
CUST04139,37-48 Months,One year,Female,0,46
CUST04140,37-48 Months,Two year,Male,0,48
CUST04141,37-48 Months,Month-to-month,Male,1,48
CUST04142,37-48 Months,One year,Female,0,45
CUST04143,37-48 Months,Month-to-month,Female,0,42
CUST04144,37-48 Months,Month-to-month,Male,1,40
CUST04145,37-48 Months,Month-to-month,Male,0,43
CUST04146,37-48 Months,Month-to-month,Female,0,46
CUST04147,37-48 Months,Month-to-month,Female,0,46
CUST04148,37-48 Months,One year,Female,0,43
CUST04149,37-48 Months,Month-to-month,Female,0,37
CUST04150,37-48 Months,Month-to-month,Male,0,40
CUST04151,37-48 Months,Month-to-month,Male,0,43
CUST04152,37-48 Months,One year,Male,0,41
CUST04153,37-48 Months,Month-to-month,Male,0,42
CUST04154,37-48 Months,Month-to-month,Female,0,40
CUST04155,37-48 Months,One year,Female,0,37
CUST04156,37-48 Months,Month-to-month,Female,0,42
CUST04157,37-48 Months,Two year,Female,0,42
CUST04158,37-48 Months,Month-to-month,Male,1,46
CUST04159,37-48 Months,Month-to-month,Female,0,38
CUST04160,37-48 Months,Month-to-month,Male,1,42
CUST04161,37-48 Months,One year,Female,0,47
CUST04162,37-48 Months,Month-to-month,Female,0,40
CUST04163,37-48 Months,Two year,Female,0,40
CUST04164,37-48 Months,Month-to-month,Male,1,38
CUST04165,37-48 Months,One year,Male,0,43
CUST04166,37-48 Months,Month-to-month,Male,0,47
CUST04167,37-48 Months,Month-to-month,Female,0,42
CUST04168,37-48 Months,Month-to-month,Male,0,42
CUST04169,37-48 Months,One year,Male,0,45
CUST04170,37-48 Months,Month-to-month,Female,0,42
CUST04171,37-48 Months,Two year,Female,0,41
CUST04172,37-48 Months,One year,Female,0,46
CUST04173,37-48 Months,Two year,Female,0,40
CUST04174,37-48 Months,Month-to-month,Male,1,47
CUST04175,37-48 Months,Two year,Female,0,40
CUST04176,37-48 Months,One year,Male,0,43
CUST04177,37-48 Months,One year,Male,0,40
CUST04178,37-48 Months,Two year,Female,0,44
CUST04179,37-48 Months,One year,Male,0,42
CUST04180,37-48 Months,Two year,Female,0,39
CUST04181,37-48 Months,Two year,Female,0,45
CUST04182,37-48 Months,Month-to-month,Female,0,48
CUST04183,37-48 Months,One year,Female,0,37
CUST04184,37-48 Months,Month-to-month,Female,0,43
CUST04185,37-48 Months,Two year,Male,0,45
CUST04186,37-48 Months,Two year,Male,1,45
CUST04187,37-48 Months,Month-to-month,Male,1,39
CUST04188,37-48 Months,Month-to-month,Female,0,38
CUST04189,37-48 Months,Month-to-month,Male,0,43
CUST04190,37-48 Months,Month-to-month,Female,1,44
CUST04191,37-48 Months,Month-to-month,Male,0,40
CUST04192,37-48 Months,Two year,Male,0,41
CUST04193,37-48 Months,One year,Male,0,43
CUST04194,37-48 Months,Two year,Female,0,42
CUST04195,37-48 Months,Month-to-month,Male,1,42
CUST04196,37-48 Months,One year,Male,0,45
CUST04197,37-48 Months,Month-to-month,Female,1,48
CUST04198,37-48 Months,Two year,Male,0,46
CUST04199,37-48 Months,Month-to-month,Female,0,37
CUST04200,37-48 Months,Month-to-month,Male,0,41
CUST04201,37-48 Months,Month-to-month,Male,0,37
CUST04202,37-48 Months,Two year,Male,0,47
CUST04203,37-48 Months,Month-to-month,Female,0,44
CUST04204,37-48 Months,One year,Female,1,39
CUST04205,37-48 Months,Two year,Female,0,47
CUST04206,37-48 Months,Two year,Female,0,43
CUST04207,37-48 Months,Month-to-month,Male,0,37
CUST04208,37-48 Months,Month-to-month,Female,1,38
CUST04209,37-48 Months,Month-to-month,Male,0,46
CUST04210,37-48 Months,Month-to-month,Female,1,40
CUST04211,37-48 Months,One year,Female,0,43
CUST04212,37-48 Months,Month-to-month,Female,0,47
CUST04213,37-48 Months,Month-to-month,Female,0,40
CUST04214,37-48 Months,Month-to-month,Female,1,37
CUST04215,37-48 Months,One year,Female,0,38
CUST04216,37-48 Months,Month-to-month,Female,1,47
CUST04217,37-48 Months,One year,Female,0,44
CUST04218,37-48 Months,Month-to-month,Male,0,40
CUST04219,37-48 Months,Two year,Male,0,37
CUST04220,37-48 Months,One year,Male,0,45
CUST04221,37-48 Months,Month-to-month,Female,0,37
CUST04222,37-48 Months,Month-to-month,Female,0,38
CUST04223,37-48 Months,Month-to-month,Female,0,44
CUST04224,37-48 Months,Month-to-month,Male,1,44
CUST04225,37-48 Months,Month-to-month,Male,0,43
CUST04226,37-48 Months,Two year,Female,0,47
CUST04227,37-48 Months,One year,Female,0,40
CUST04228,37-48 Months,Month-to-month,Female,0,43
CUST04229,37-48 Months,One year,Female,0,40
CUST04230,37-48 Months,Month-to-month,Male,0,41
CUST04231,37-48 Months,Two year,Female,0,38
CUST04232,37-48 Months,Month-to-month,Female,0,46
CUST04233,37-48 Months,Two year,Female,0,45
CUST04234,37-48 Months,Two year,Female,0,45
CUST04235,37-48 Months,Month-to-month,Female,0,38
CUST04236,37-48 Months,Month-to-month,Female,1,38
CUST04237,37-48 Months,Month-to-month,Female,1,46
CUST04238,37-48 Months,Two year,Female,0,44
CUST04239,37-48 Months,One year,Male,0,37
CUST04240,37-48 Months,One year,Male,0,44
CUST04241,37-48 Months,Two year,Female,0,48
CUST04242,37-48 Months,Two year,Male,0,46
CUST04243,37-48 Months,Month-to-month,Female,1,40
CUST04244,37-48 Months,One year,Male,0,40
CUST04245,37-48 Months,One year,Male,0,46
CUST04246,37-48 Months,Month-to-month,Female,1,41
CUST04247,37-48 Months,Two year,Female,0,45
CUST04248,37-48 Months,Month-to-month,Male,0,48
CUST04249,37-48 Months,Month-to-month,Female,1,41
CUST04250,37-48 Months,Two year,Female,0,43
CUST04251,37-48 Months,Month-to-month,Male,0,42
CUST04252,37-48 Months,Month-to-month,Female,0,43
CUST04253,37-48 Months,Month-to-month,Male,0,37
CUST04254,37-48 Months,One year,Male,0,48
CUST04255,37-48 Months,Two year,Male,0,43
CUST04256,37-48 Months,Month-to-month,Male,0,39
CUST04257,37-48 Months,Month-to-month,Male,0,43
CUST04258,37-48 Months,Month-to-month,Male,0,41
CUST04259,37-48 Months,Two year,Male,0,46
CUST04260,37-48 Months,Month-to-month,Male,0,46
CUST04261,37-48 Months,Two year,Male,0,41
CUST04262,37-48 Months,Two year,Male,0,45
CUST04263,37-48 Months,Month-to-month,Male,0,37
CUST04264,37-48 Months,Two year,Female,0,48
CUST04265,37-48 Months,One year,Male,0,43
CUST04266,37-48 Months,One year,Female,0,44
CUST04267,37-48 Months,Month-to-month,Female,1,44
CUST04268,37-48 Months,Two year,Female,0,40
CUST04269,37-48 Months,Two year,Male,0,45
CUST04270,37-48 Months,Two year,Male,0,41
CUST04271,37-48 Months,Two year,Female,0,45
CUST04272,37-48 Months,Month-to-month,Female,1,38
CUST04273,37-48 Months,Two year,Female,0,38
CUST04274,37-48 Months,Two year,Female,0,48
CUST04275,37-48 Months,Month-to-month,Female,0,45
CUST04276,37-48 Months,Month-to-month,Male,1,38
CUST04277,37-48 Months,Month-to-month,Female,0,39
CUST04278,37-48 Months,Two year,Female,0,43
CUST04279,37-48 Months,Month-to-month,Female,0,37
CUST04280,37-48 Months,One year,Male,0,41
CUST04281,37-48 Months,Month-to-month,Male,1,40
CUST04282,37-48 Months,Month-to-month,Female,1,38
CUST04283,37-48 Months,One year,Female,0,40
CUST04284,37-48 Months,Month-to-month,Male,1,40
CUST04285,37-48 Months,Two year,Female,0,37
CUST04286,37-48 Months,Month-to-month,Male,0,44
CUST04287,37-48 Months,Two year,Male,0,40
CUST04288,37-48 Months,Month-to-month,Male,1,37
CUST04289,37-48 Months,Two year,Male,1,37
CUST04290,37-48 Months,One year,Female,0,48
CUST04291,37-48 Months,Month-to-month,Female,0,38
CUST04292,37-48 Months,Month-to-month,Female,1,47
CUST04293,37-48 Months,Month-to-month,Female,0,38
CUST04294,37-48 Months,One year,Female,0,38
CUST04295,37-48 Months,Two year,Female,0,43
CUST04296,37-48 Months,Month-to-month,Male,0,47
CUST04297,37-48 Months,Month-to-month,Female,0,37
CUST04298,37-48 Months,One year,Male,1,40
CUST04299,37-48 Months,One year,Female,0,46
CUST04300,37-48 Months,One year,Female,0,37
CUST04301,37-48 Months,Month-to-month,Female,0,39
CUST04302,37-48 Months,One year,Male,0,40
CUST04303,37-48 Months,Two year,Male,0,46
CUST04304,37-48 Months,Month-to-month,Male,0,46
CUST04305,37-48 Months,Month-to-month,Female,0,45
CUST04306,37-48 Months,Month-to-month,Female,0,44
CUST04307,37-48 Months,One year,Male,0,37
CUST04308,37-48 Months,Month-to-month,Female,0,39
CUST04309,37-48 Months,Two year,Female,0,48
CUST04310,37-48 Months,One year,Female,0,45
CUST04311,37-48 Months,One year,Female,0,39
CUST04312,37-48 Months,Two year,Female,0,45
CUST04313,37-48 Months,Month-to-month,Female,0,45
CUST04314,37-48 Months,Two year,Male,1,45
CUST04315,37-48 Months,Month-to-month,Male,0,48
CUST04316,37-48 Months,One year,Female,0,43
CUST04317,37-48 Months,Two year,Female,0,37
CUST04318,37-48 Months,Two year,Male,0,46
CUST04319,37-48 Months,Two year,Female,0,37
CUST04320,37-48 Months,Month-to-month,Male,0,44
CUST04321,37-48 Months,Two year,Female,0,46
CUST04322,37-48 Months,One year,Male,0,38
CUST04323,37-48 Months,One year,Male,0,46
CUST04324,37-48 Months,Month-to-month,Female,0,46
CUST04325,37-48 Months,Month-to-month,Male,1,44
CUST04326,37-48 Months,One year,Male,0,40
CUST04327,37-48 Months,Month-to-month,Male,0,39
CUST04328,37-48 Months,Two year,Female,0,45
CUST04329,37-48 Months,Two year,Female,0,38
CUST04330,37-48 Months,Two year,Female,0,45
CUST04331,37-48 Months,Month-to-month,Male,0,39
CUST04332,37-48 Months,Two year,Female,0,41
CUST04333,37-48 Months,Month-to-month,Female,0,43
CUST04334,37-48 Months,Month-to-month,Male,0,38
CUST04335,37-48 Months,Two year,Female,0,46
CUST04336,37-48 Months,Month-to-month,Male,0,45
CUST04337,37-48 Months,Month-to-month,Female,0,37
CUST04338,37-48 Months,Month-to-month,Male,1,47
CUST04339,37-48 Months,One year,Female,1,45
CUST04340,37-48 Months,Two year,Female,0,47
CUST04341,37-48 Months,Month-to-month,Male,0,44
CUST04342,37-48 Months,Month-to-month,Female,0,44
CUST04343,37-48 Months,One year,Female,0,41
CUST04344,37-48 Months,Month-to-month,Female,0,39
CUST04345,37-48 Months,Two year,Male,0,39
CUST04346,37-48 Months,Two year,Female,0,40
CUST04347,37-48 Months,Two year,Female,0,40
CUST04348,37-48 Months,Two year,Female,0,46
CUST04349,37-48 Months,One year,Female,0,43
CUST04350,37-48 Months,Two year,Male,0,41
CUST04351,37-48 Months,Month-to-month,Female,0,45
CUST04352,37-48 Months,Month-to-month,Male,1,45
CUST04353,37-48 Months,One year,Male,0,48
CUST04354,37-48 Months,Month-to-month,Male,0,40
CUST04355,37-48 Months,Two year,Male,0,39
CUST04356,37-48 Months,One year,Female,0,37
CUST04357,37-48 Months,Two year,Male,0,38
CUST04358,37-48 Months,Month-to-month,Male,0,44
CUST04359,37-48 Months,Month-to-month,Male,0,46
CUST04360,37-48 Months,Two year,Female,0,44
CUST04361,37-48 Months,Month-to-month,Female,0,48
CUST04362,37-48 Months,One year,Male,0,44
CUST04363,37-48 Months,One year,Female,1,47
CUST04364,37-48 Months,Two year,Male,0,40
CUST04365,37-48 Months,Two year,Female,0,40
CUST04366,37-48 Months,Month-to-month,Male,1,46
CUST04367,37-48 Months,Month-to-month,Female,0,44
CUST04368,37-48 Months,One year,Female,0,42
CUST04369,37-48 Months,Month-to-month,Female,0,48
CUST04370,37-48 Months,Month-to-month,Male,0,46
CUST04371,37-48 Months,Month-to-month,Male,0,40
CUST04372,37-48 Months,Month-to-month,Male,1,44
CUST04373,37-48 Months,One year,Male,0,41
CUST04374,37-48 Months,Month-to-month,Male,1,41
CUST04375,37-48 Months,One year,Male,0,46
CUST04376,37-48 Months,Month-to-month,Male,1,45
CUST04377,37-48 Months,Two year,Male,0,37
CUST04378,37-48 Months,Month-to-month,Male,1,43
CUST04379,37-48 Months,Two year,Female,0,44
CUST04380,37-48 Months,Month-to-month,Male,0,43
CUST04381,37-48 Months,One year,Female,0,40
CUST04382,37-48 Months,Month-to-month,Female,0,44
CUST04383,37-48 Months,Month-to-month,Male,0,48
CUST04384,37-48 Months,Month-to-month,Male,0,38
CUST04385,37-48 Months,Two year,Female,0,44
CUST04386,37-48 Months,Two year,Female,0,47
CUST04387,37-48 Months,Month-to-month,Male,0,41
CUST04388,37-48 Months,Month-to-month,Female,0,41
CUST04389,37-48 Months,Two year,Female,0,39
CUST04390,37-48 Months,One year,Male,0,39
CUST04391,37-48 Months,Month-to-month,Male,1,41
CUST04392,37-48 Months,Two year,Male,0,46
CUST04393,37-48 Months,One year,Male,0,39
CUST04394,37-48 Months,One year,Female,0,39
CUST04395,37-48 Months,Month-to-month,Female,0,48
CUST04396,37-48 Months,Month-to-month,Male,0,48
CUST04397,37-48 Months,Month-to-month,Male,0,39
CUST04398,37-48 Months,Two year,Female,0,42
CUST04399,37-48 Months,Month-to-month,Female,0,41
CUST04400,37-48 Months,Two year,Female,0,40
CUST04401,37-48 Months,Two year,Female,0,38
CUST04402,37-48 Months,Two year,Female,0,37
CUST04403,37-48 Months,Month-to-month,Female,0,44
CUST04404,37-48 Months,Month-to-month,Male,0,37
CUST04405,37-48 Months,Month-to-month,Female,0,44
CUST04406,37-48 Months,One year,Male,0,38
CUST04407,37-48 Months,Two year,Male,0,38
CUST04408,37-48 Months,Month-to-month,Male,0,37
CUST04409,37-48 Months,Two year,Male,0,41
CUST04410,37-48 Months,Month-to-month,Female,0,40
CUST04411,37-48 Months,Month-to-month,Female,1,40
CUST04412,37-48 Months,Month-to-month,Male,0,40
CUST04413,37-48 Months,Two year,Female,0,48
CUST04414,37-48 Months,Month-to-month,Female,0,42
CUST04415,37-48 Months,Month-to-month,Female,0,46
CUST04416,37-48 Months,Two year,Male,0,39
CUST04417,37-48 Months,One year,Female,0,42
CUST04418,37-48 Months,Month-to-month,Female,0,37
CUST04419,37-48 Months,Month-to-month,Female,0,40
CUST04420,37-48 Months,One year,Male,0,37
CUST04421,37-48 Months,Month-to-month,Female,1,37
CUST04422,37-48 Months,Month-to-month,Male,0,39
CUST04423,37-48 Months,One year,Male,0,38
CUST04424,37-48 Months,Month-to-month,Female,1,40
CUST04425,37-48 Months,One year,Female,0,45
CUST04426,37-48 Months,Month-to-month,Male,0,38
CUST04427,37-48 Months,Month-to-month,Male,0,44
CUST04428,37-48 Months,Month-to-month,Female,0,41
CUST04429,37-48 Months,Month-to-month,Female,0,41
CUST04430,37-48 Months,Month-to-month,Female,1,48
CUST04431,37-48 Months,Month-to-month,Female,0,42
CUST04432,37-48 Months,Two year,Female,0,40
CUST04433,37-48 Months,Two year,Female,0,39
CUST04434,37-48 Months,Month-to-month,Female,0,39
CUST04435,37-48 Months,One year,Male,0,46
CUST04436,37-48 Months,One year,Male,0,44
CUST04437,37-48 Months,Two year,Male,0,40
CUST04438,37-48 Months,Month-to-month,Male,0,42
CUST04439,37-48 Months,Month-to-month,Male,1,43
CUST04440,37-48 Months,Month-to-month,Female,0,37
CUST04441,37-48 Months,Month-to-month,Male,0,47
CUST04442,37-48 Months,Month-to-month,Female,0,46
CUST04443,37-48 Months,Two year,Male,0,43
CUST04444,37-48 Months,Two year,Male,0,45
CUST04445,37-48 Months,Month-to-month,Male,0,38
CUST04446,37-48 Months,Month-to-month,Female,0,48
CUST04447,37-48 Months,Month-to-month,Male,0,44
CUST04448,37-48 Months,Month-to-month,Female,0,48
CUST04449,37-48 Months,One year,Female,0,47
CUST04450,37-48 Months,Month-to-month,Female,0,44
CUST04451,37-48 Months,Two year,Female,0,40
CUST04452,37-48 Months,Two year,Male,0,45
CUST04453,37-48 Months,One year,Female,0,43
CUST04454,37-48 Months,One year,Female,0,41
CUST04455,37-48 Months,One year,Male,0,45
CUST04456,37-48 Months,Month-to-month,Male,0,47
CUST04457,37-48 Months,Month-to-month,Female,0,39
CUST04458,37-48 Months,One year,Male,0,43
CUST04459,37-48 Months,Month-to-month,Male,0,46
CUST04460,37-48 Months,Two year,Female,0,40
CUST04461,37-48 Months,Month-to-month,Male,0,41
CUST04462,37-48 Months,Month-to-month,Male,0,37
CUST04463,37-48 Months,Month-to-month,Female,1,40
CUST04464,37-48 Months,Two year,Female,0,44
CUST04465,37-48 Months,Month-to-month,Female,0,48
CUST04466,37-48 Months,Month-to-month,Male,1,43
CUST04467,37-48 Months,Month-to-month,Female,0,40
CUST04468,37-48 Months,One year,Female,0,46
CUST04469,37-48 Months,Two year,Male,0,39
CUST04470,37-48 Months,Month-to-month,Male,0,39
CUST04471,37-48 Months,Two year,Female,0,43
CUST04472,37-48 Months,Month-to-month,Female,0,46
CUST04473,37-48 Months,One year,Female,0,39
CUST04474,37-48 Months,Month-to-month,Male,0,37
CUST04475,37-48 Months,Month-to-month,Female,0,45
CUST04476,37-48 Months,One year,Female,0,44
CUST04477,37-48 Months,One year,Male,0,45
CUST04478,37-48 Months,Month-to-month,Female,1,41
CUST04479,37-48 Months,Two year,Female,0,38
CUST04480,37-48 Months,Two year,Male,0,40
CUST04481,37-48 Months,Month-to-month,Female,0,42
CUST04482,37-48 Months,One year,Male,0,42
CUST04483,37-48 Months,Two year,Male,0,47
CUST04484,37-48 Months,Month-to-month,Female,0,39
CUST04485,37-48 Months,Two year,Male,0,40
CUST04486,37-48 Months,Month-to-month,Male,0,39
CUST04487,37-48 Months,Two year,Male,0,43
CUST04488,37-48 Months,Month-to-month,Male,0,46
CUST04489,37-48 Months,Month-to-month,Female,0,47
CUST04490,37-48 Months,One year,Female,0,39
CUST04491,37-48 Months,One year,Male,0,42
CUST04492,37-48 Months,Two year,Female,0,45
CUST04493,37-48 Months,Two year,Female,0,37
CUST04494,37-48 Months,Month-to-month,Male,0,45
CUST04495,37-48 Months,Month-to-month,Female,0,38
CUST04496,37-48 Months,Month-to-month,Male,0,37
CUST04497,37-48 Months,Month-to-month,Male,0,38
CUST04498,37-48 Months,Month-to-month,Male,0,47
CUST04499,37-48 Months,Two year,Female,0,45
CUST04500,37-48 Months,Two year,Female,0,46
CUST04501,37-48 Months,Month-to-month,Male,1,45
CUST04502,37-48 Months,Month-to-month,Female,0,46
CUST04503,37-48 Months,One year,Male,0,42
CUST04504,37-48 Months,Month-to-month,Male,0,46
CUST04505,37-48 Months,Month-to-month,Female,0,37
CUST04506,37-48 Months,Month-to-month,Female,0,43
CUST04507,37-48 Months,Month-to-month,Male,0,46
CUST04508,37-48 Months,Month-to-month,Female,0,48
CUST04509,37-48 Months,Two year,Male,0,41
CUST04510,37-48 Months,Month-to-month,Male,1,39
CUST04511,37-48 Months,One year,Female,0,45
CUST04512,37-48 Months,One year,Male,0,37
CUST04513,37-48 Months,Two year,Female,0,46
CUST04514,37-48 Months,Month-to-month,Female,0,45
CUST04515,37-48 Months,Month-to-month,Male,0,45
CUST04516,37-48 Months,Month-to-month,Male,0,40
CUST04517,37-48 Months,Month-to-month,Male,1,38
CUST04518,37-48 Months,Month-to-month,Male,0,44
CUST04519,37-48 Months,Two year,Male,0,41
CUST04520,37-48 Months,Month-to-month,Female,1,41
CUST04521,37-48 Months,Month-to-month,Female,0,39
CUST04522,37-48 Months,Month-to-month,Female,0,41
CUST04523,37-48 Months,Two year,Female,0,46
CUST04524,37-48 Months,Two year,Female,0,47
CUST04525,37-48 Months,Two year,Male,0,41
CUST04526,37-48 Months,One year,Female,1,38
CUST04527,37-48 Months,Two year,Male,0,37
CUST04528,37-48 Months,One year,Male,0,39
CUST04529,37-48 Months,Month-to-month,Male,0,37
CUST04530,37-48 Months,One year,Female,0,45
CUST04531,37-48 Months,Two year,Male,0,44
CUST04532,37-48 Months,Month-to-month,Male,0,46
CUST04533,37-48 Months,One year,Female,0,40
CUST04534,37-48 Months,Month-to-month,Female,1,46
CUST04535,37-48 Months,One year,Female,0,39
CUST04536,37-48 Months,Month-to-month,Male,0,39
CUST04537,37-48 Months,One year,Male,0,47
CUST04538,37-48 Months,Two year,Female,0,47
CUST04539,37-48 Months,Month-to-month,Male,0,44
CUST04540,37-48 Months,Month-to-month,Female,0,44
CUST04541,37-48 Months,Month-to-month,Female,0,45
CUST04542,37-48 Months,Month-to-month,Male,0,46
CUST04543,37-48 Months,Two year,Male,0,39
CUST04544,37-48 Months,Month-to-month,Male,0,37
CUST04545,37-48 Months,Month-to-month,Female,0,39
CUST04546,37-48 Months,Month-to-month,Female,0,41
CUST04547,37-48 Months,Two year,Female,0,39
CUST04548,37-48 Months,Month-to-month,Female,1,43
CUST04549,37-48 Months,Two year,Female,0,38
CUST04550,37-48 Months,Month-to-month,Male,0,43
CUST04551,37-48 Months,Month-to-month,Male,0,45
CUST04552,37-48 Months,One year,Female,0,38
CUST04553,37-48 Months,Month-to-month,Female,0,40
CUST04554,37-48 Months,One year,Female,0,43
CUST04555,37-48 Months,Month-to-month,Female,0,37
CUST04556,37-48 Months,Two year,Male,0,44
CUST04557,37-48 Months,Two year,Female,0,46
CUST04558,37-48 Months,Two year,Male,0,41
CUST04559,37-48 Months,Month-to-month,Female,0,37
CUST04560,37-48 Months,One year,Female,0,43
CUST04561,37-48 Months,Two year,Male,0,47
CUST04562,37-48 Months,Month-to-month,Female,0,40
CUST04563,37-48 Months,Month-to-month,Female,0,47
CUST04564,37-48 Months,Two year,Male,0,47
CUST04565,37-48 Months,Month-to-month,Female,0,40
CUST04566,37-48 Months,One year,Female,0,44
CUST04567,37-48 Months,Two year,Female,0,37
CUST04568,37-48 Months,Month-to-month,Female,1,43
CUST04569,37-48 Months,One year,Male,0,47
CUST04570,37-48 Months,One year,Female,0,48
CUST04571,37-48 Months,Month-to-month,Male,0,39
CUST04572,37-48 Months,Two year,Male,0,44
CUST04573,37-48 Months,Month-to-month,Female,0,37
CUST04574,37-48 Months,Month-to-month,Female,0,40
CUST04575,37-48 Months,Two year,Female,0,47
CUST04576,37-48 Months,Month-to-month,Female,0,44
CUST04577,37-48 Months,Two year,Female,0,41
CUST04578,37-48 Months,Month-to-month,Male,1,48
CUST04579,37-48 Months,Month-to-month,Female,0,46
CUST04580,37-48 Months,Month-to-month,Male,1,37
CUST04581,37-48 Months,One year,Male,0,37
CUST04582,37-48 Months,Two year,Male,0,44
CUST04583,37-48 Months,Two year,Female,0,47
CUST04584,37-48 Months,Two year,Female,0,38
CUST04585,37-48 Months,One year,Male,0,43
CUST04586,37-48 Months,Two year,Female,0,46
CUST04587,37-48 Months,One year,Male,0,47
CUST04588,37-48 Months,Two year,Male,0,44
CUST04589,37-48 Months,One year,Male,0,48
CUST04590,37-48 Months,Two year,Female,0,48
CUST04591,37-48 Months,Month-to-month,Female,0,47
CUST04592,37-48 Months,Month-to-month,Female,1,45
CUST04593,37-48 Months,Two year,Male,0,48
CUST04594,37-48 Months,Month-to-month,Male,1,37
CUST04595,37-48 Months,Month-to-month,Male,0,38
CUST04596,37-48 Months,Two year,Male,0,43
CUST04597,37-48 Months,Month-to-month,Male,1,45
CUST04598,37-48 Months,Month-to-month,Male,0,47
CUST04599,37-48 Months,Month-to-month,Female,0,45
CUST04600,37-48 Months,Month-to-month,Female,0,39
CUST04601,37-48 Months,One year,Male,0,47
CUST04602,37-48 Months,Two year,Male,0,37
CUST04603,37-48 Months,Two year,Female,0,38
CUST04604,37-48 Months,One year,Male,0,45
CUST04605,37-48 Months,One year,Female,1,48
CUST04606,37-48 Months,Month-to-month,Female,0,43
CUST04607,37-48 Months,Two year,Male,0,38
CUST04608,37-48 Months,Month-to-month,Female,0,37
CUST04609,37-48 Months,Month-to-month,Male,0,48
CUST04610,37-48 Months,Two year,Male,0,40
CUST04611,37-48 Months,Two year,Male,0,44
CUST04612,37-48 Months,Month-to-month,Female,1,40
CUST04613,37-48 Months,One year,Male,0,39
CUST04614,37-48 Months,Month-to-month,Female,0,45
CUST04615,37-48 Months,Month-to-month,Male,0,45
CUST04616,37-48 Months,Month-to-month,Female,0,42
CUST04617,37-48 Months,Month-to-month,Male,0,43
CUST04618,37-48 Months,One year,Male,0,42
CUST04619,37-48 Months,Month-to-month,Female,0,44
CUST04620,37-48 Months,One year,Female,0,46
CUST04621,37-48 Months,Month-to-month,Female,0,45
CUST04622,37-48 Months,Two year,Male,0,40
CUST04623,37-48 Months,One year,Male,0,39
CUST04624,37-48 Months,Two year,Male,0,45
CUST04625,37-48 Months,Month-to-month,Male,0,44
CUST04626,37-48 Months,One year,Female,0,41
CUST04627,37-48 Months,Two year,Male,0,47
CUST04628,37-48 Months,Month-to-month,Female,1,42
CUST04629,37-48 Months,Month-to-month,Male,1,41
CUST04630,37-48 Months,Month-to-month,Female,0,43
CUST04631,37-48 Months,Month-to-month,Male,0,39
CUST04632,37-48 Months,Month-to-month,Female,0,45
CUST04633,37-48 Months,Month-to-month,Female,0,47
CUST04634,37-48 Months,Month-to-month,Female,0,48
CUST04635,37-48 Months,One year,Male,0,42
CUST04636,37-48 Months,Month-to-month,Male,1,40
CUST04637,37-48 Months,Month-to-month,Female,0,42
CUST04638,37-48 Months,One year,Female,0,38
CUST04639,37-48 Months,Month-to-month,Female,0,45
CUST04640,37-48 Months,Month-to-month,Male,0,42
CUST04641,37-48 Months,Month-to-month,Male,0,38
CUST04642,37-48 Months,Month-to-month,Male,0,43
CUST04643,37-48 Months,Month-to-month,Male,0,45
CUST04644,37-48 Months,Month-to-month,Female,1,39
CUST04645,37-48 Months,Month-to-month,Female,0,41
CUST04646,37-48 Months,Two year,Male,0,47
CUST04647,37-48 Months,Two year,Male,0,45
CUST04648,37-48 Months,Month-to-month,Female,0,46
CUST04649,37-48 Months,Month-to-month,Male,0,42
CUST04650,37-48 Months,Month-to-month,Female,0,42
CUST04651,37-48 Months,Two year,Female,0,42
CUST04652,37-48 Months,Two year,Female,0,42
CUST04653,37-48 Months,Month-to-month,Male,0,38
CUST04654,37-48 Months,Month-to-month,Male,1,37
CUST04655,37-48 Months,Month-to-month,Male,1,46
CUST04656,37-48 Months,Two year,Male,0,43
CUST04657,37-48 Months,Two year,Male,0,43
CUST04658,37-48 Months,Month-to-month,Female,1,44
CUST04659,37-48 Months,One year,Male,0,41
CUST04660,37-48 Months,Month-to-month,Female,1,47
CUST04661,37-48 Months,One year,Male,0,42
CUST04662,37-48 Months,Two year,Female,0,43
CUST04663,37-48 Months,Month-to-month,Female,0,43
CUST04664,37-48 Months,Month-to-month,Male,0,38
CUST04665,37-48 Months,One year,Female,0,39
CUST04666,37-48 Months,Month-to-month,Female,1,39
CUST04667,37-48 Months,Two year,Male,0,40
CUST04668,37-48 Months,Month-to-month,Male,1,38
CUST04669,37-48 Months,Two year,Female,0,39
CUST04670,37-48 Months,Month-to-month,Female,0,48
CUST04671,37-48 Months,Month-to-month,Female,0,41
CUST04672,37-48 Months,Month-to-month,Male,0,46
CUST04673,37-48 Months,Month-to-month,Male,0,41
CUST04674,37-48 Months,Month-to-month,Female,0,46
CUST04675,37-48 Months,One year,Male,0,46
CUST04676,37-48 Months,Month-to-month,Male,0,47
CUST04677,37-48 Months,Month-to-month,Male,0,40
CUST04678,37-48 Months,Month-to-month,Female,0,38
CUST04679,37-48 Months,Month-to-month,Male,0,40
CUST04680,37-48 Months,Two year,Male,0,45
CUST04681,37-48 Months,Two year,Female,0,44
CUST04682,37-48 Months,Month-to-month,Female,0,45
CUST04683,37-48 Months,Two year,Female,0,48
CUST04684,37-48 Months,Two year,Female,0,39
CUST04685,37-48 Months,Two year,Male,0,42
CUST04686,37-48 Months,Month-to-month,Male,1,42
CUST04687,37-48 Months,Month-to-month,Female,0,38
CUST04688,37-48 Months,Month-to-month,Male,0,44
CUST04689,37-48 Months,Two year,Female,0,37
CUST04690,37-48 Months,Two year,Male,0,47
CUST04691,37-48 Months,Month-to-month,Female,0,38
CUST04692,37-48 Months,Month-to-month,Male,0,38
CUST04693,37-48 Months,Two year,Male,0,39
CUST04694,37-48 Months,Two year,Male,0,47
CUST04695,37-48 Months,Month-to-month,Male,1,47
CUST04696,37-48 Months,One year,Female,0,48
CUST04697,37-48 Months,Month-to-month,Male,0,46
CUST04698,37-48 Months,Month-to-month,Male,0,48
CUST04699,37-48 Months,One year,Female,0,42
CUST04700,37-48 Months,Two year,Male,0,37
CUST04701,37-48 Months,Two year,Female,0,42
CUST04702,37-48 Months,Month-to-month,Female,0,39
CUST04703,37-48 Months,Month-to-month,Male,0,39
CUST04704,37-48 Months,Month-to-month,Female,0,45
CUST04705,37-48 Months,Month-to-month,Female,0,39
CUST04706,37-48 Months,Month-to-month,Female,0,40
CUST04707,37-48 Months,Month-to-month,Male,1,41
CUST04708,37-48 Months,Month-to-month,Male,1,37
CUST04709,37-48 Months,Month-to-month,Female,0,45
CUST04710,37-48 Months,Month-to-month,Male,0,46
CUST04711,37-48 Months,Two year,Male,0,43
CUST04712,37-48 Months,Month-to-month,Male,1,37
CUST04713,37-48 Months,One year,Male,0,46
CUST04714,37-48 Months,Two year,Male,0,42
CUST04715,37-48 Months,One year,Female,0,40
CUST04716,37-48 Months,Month-to-month,Female,0,48
CUST04717,37-48 Months,Month-to-month,Male,0,47
CUST04718,37-48 Months,One year,Female,0,42
CUST04719,37-48 Months,One year,Female,0,42
CUST04720,37-48 Months,Month-to-month,Female,0,47
CUST04721,37-48 Months,Month-to-month,Female,0,39
CUST04722,37-48 Months,One year,Male,0,41
CUST04723,37-48 Months,Month-to-month,Female,1,43
CUST04724,37-48 Months,One year,Male,0,41
CUST04725,37-48 Months,Month-to-month,Male,1,40
CUST04726,37-48 Months,Month-to-month,Female,0,38
CUST04727,37-48 Months,Two year,Female,0,40
CUST04728,37-48 Months,Month-to-month,Female,0,41
CUST04729,37-48 Months,One year,Male,0,47
CUST04730,37-48 Months,Month-to-month,Female,0,41
CUST04731,37-48 Months,Month-to-month,Male,0,38
CUST04732,37-48 Months,Two year,Female,0,47
CUST04733,37-48 Months,Month-to-month,Female,0,41
CUST04734,37-48 Months,Month-to-month,Female,1,48
CUST04735,37-48 Months,Two year,Female,0,38
CUST04736,37-48 Months,Two year,Female,0,37
CUST04737,37-48 Months,One year,Male,0,48
CUST04738,37-48 Months,Month-to-month,Female,0,38
CUST04739,37-48 Months,Month-to-month,Male,0,37
CUST04740,37-48 Months,One year,Male,1,44
CUST04741,37-48 Months,Month-to-month,Male,0,40
CUST04742,37-48 Months,Month-to-month,Male,0,42
CUST04743,37-48 Months,Two year,Female,0,41
CUST04744,37-48 Months,Month-to-month,Male,0,40
CUST04745,37-48 Months,Month-to-month,Female,1,42
CUST04746,37-48 Months,Month-to-month,Male,0,40
CUST04747,37-48 Months,Month-to-month,Female,0,39
CUST04748,37-48 Months,One year,Male,0,39
CUST04749,37-48 Months,Two year,Male,0,38
CUST04750,37-48 Months,Month-to-month,Male,1,43
CUST04751,37-48 Months,Month-to-month,Female,1,43
CUST04752,37-48 Months,One year,Male,0,37
CUST04753,37-48 Months,Month-to-month,Male,1,42
CUST04754,37-48 Months,Month-to-month,Female,0,45
CUST04755,37-48 Months,Two year,Female,0,37
CUST04756,37-48 Months,One year,Female,0,40
CUST04757,37-48 Months,Month-to-month,Female,1,48
CUST04758,37-48 Months,Two year,Male,0,42
CUST04759,37-48 Months,Month-to-month,Female,0,37
CUST04760,37-48 Months,Two year,Male,0,43
CUST04761,37-48 Months,One year,Male,0,41
CUST04762,37-48 Months,One year,Male,0,39
CUST04763,37-48 Months,Two year,Male,0,37
CUST04764,37-48 Months,One year,Male,0,47
CUST04765,37-48 Months,Month-to-month,Male,0,46
CUST04766,37-48 Months,Month-to-month,Female,0,45
CUST04767,37-48 Months,One year,Male,1,37
CUST04768,37-48 Months,One year,Male,0,47
CUST04769,37-48 Months,Month-to-month,Female,1,42
CUST04770,37-48 Months,One year,Male,0,42
CUST04771,37-48 Months,One year,Male,1,47
CUST04772,37-48 Months,Month-to-month,Female,1,42
CUST04773,37-48 Months,Month-to-month,Male,1,39
CUST04774,37-48 Months,Month-to-month,Male,0,39
CUST04775,37-48 Months,Month-to-month,Female,0,48
CUST04776,37-48 Months,Month-to-month,Female,0,43
CUST04777,37-48 Months,Month-to-month,Female,1,43
CUST04778,37-48 Months,Month-to-month,Male,0,44
CUST04779,37-48 Months,Month-to-month,Female,0,39
CUST04780,37-48 Months,One year,Male,0,42
CUST04781,37-48 Months,Month-to-month,Male,0,48
CUST04782,37-48 Months,Two year,Male,0,38
CUST04783,37-48 Months,Two year,Female,0,48
CUST04784,37-48 Months,One year,Female,0,40
CUST04785,37-48 Months,Two year,Female,0,40
CUST04786,37-48 Months,Two year,Female,0,37
CUST04787,37-48 Months,Month-to-month,Female,0,44
CUST04788,37-48 Months,Two year,Female,1,40
CUST04789,37-48 Months,Month-to-month,Female,0,42
CUST04790,37-48 Months,One year,Male,1,43
CUST04791,37-48 Months,Month-to-month,Female,0,44
CUST04792,37-48 Months,Month-to-month,Female,0,48
CUST04793,37-48 Months,Month-to-month,Male,0,43
CUST04794,37-48 Months,Two year,Male,0,39
CUST04795,37-48 Months,Month-to-month,Male,0,45
CUST04796,37-48 Months,Month-to-month,Male,0,37
CUST04797,37-48 Months,Month-to-month,Female,1,47
CUST04798,37-48 Months,Month-to-month,Male,0,40
CUST04799,37-48 Months,Two year,Male,0,45
CUST04800,37-48 Months,Two year,Male,0,38
CUST04801,37-48 Months,Month-to-month,Male,0,41
CUST04802,37-48 Months,Month-to-month,Female,1,45
CUST04803,37-48 Months,Month-to-month,Female,1,44
CUST04804,37-48 Months,Month-to-month,Male,0,37
CUST04805,49-60 Months,Two year,Male,1,49
CUST04806,49-60 Months,Two year,Female,0,60
CUST04807,49-60 Months,Month-to-month,Female,1,55
CUST04808,49-60 Months,One year,Female,0,59
CUST04809,49-60 Months,Month-to-month,Female,0,49
CUST04810,49-60 Months,One year,Female,0,54
CUST04811,49-60 Months,One year,Male,0,55
CUST04812,49-60 Months,One year,Female,0,60
CUST04813,49-60 Months,One year,Female,0,57
CUST04814,49-60 Months,Two year,Female,0,56
CUST04815,49-60 Months,Month-to-month,Male,0,52
CUST04816,49-60 Months,Month-to-month,Male,0,60
CUST04817,49-60 Months,Month-to-month,Male,0,52
CUST04818,49-60 Months,One year,Male,0,52
CUST04819,49-60 Months,One year,Male,0,57
CUST04820,49-60 Months,One year,Male,0,60
CUST04821,49-60 Months,One year,Male,1,59
CUST04822,49-60 Months,Month-to-month,Female,0,51
CUST04823,49-60 Months,One year,Male,0,58
CUST04824,49-60 Months,One year,Female,0,53
CUST04825,49-60 Months,Month-to-month,Male,0,51
CUST04826,49-60 Months,Month-to-month,Female,0,60
CUST04827,49-60 Months,Month-to-month,Female,0,60
CUST04828,49-60 Months,Month-to-month,Female,0,53
CUST04829,49-60 Months,Two year,Male,0,49
CUST04830,49-60 Months,Two year,Male,0,51
CUST04831,49-60 Months,One year,Female,0,55
CUST04832,49-60 Months,Month-to-month,Male,0,49
CUST04833,49-60 Months,One year,Female,0,51
CUST04834,49-60 Months,Two year,Male,0,50
CUST04835,49-60 Months,Month-to-month,Female,0,60
CUST04836,49-60 Months,Two year,Female,0,53
CUST04837,49-60 Months,Month-to-month,Male,0,53
CUST04838,49-60 Months,Month-to-month,Male,0,54
CUST04839,49-60 Months,Month-to-month,Male,0,49
CUST04840,49-60 Months,Month-to-month,Male,1,55
CUST04841,49-60 Months,Two year,Male,0,59
CUST04842,49-60 Months,Month-to-month,Female,0,58
CUST04843,49-60 Months,Month-to-month,Female,1,52
CUST04844,49-60 Months,Month-to-month,Male,0,49
CUST04845,49-60 Months,Month-to-month,Female,0,58
CUST04846,49-60 Months,Month-to-month,Male,0,59
CUST04847,49-60 Months,Month-to-month,Female,1,60
CUST04848,49-60 Months,One year,Female,0,55
CUST04849,49-60 Months,Month-to-month,Female,0,54
CUST04850,49-60 Months,Two year,Male,0,58
CUST04851,49-60 Months,Month-to-month,Male,0,57
CUST04852,49-60 Months,Two year,Female,0,58
CUST04853,49-60 Months,Two year,Female,0,52
CUST04854,49-60 Months,Month-to-month,Female,0,59
CUST04855,49-60 Months,Month-to-month,Female,0,49
CUST04856,49-60 Months,Two year,Female,0,50
CUST04857,49-60 Months,Month-to-month,Male,0,56
CUST04858,49-60 Months,One year,Female,0,55
CUST04859,49-60 Months,Month-to-month,Female,0,55
CUST04860,49-60 Months,Month-to-month,Female,0,59
CUST04861,49-60 Months,One year,Female,0,59
CUST04862,49-60 Months,Two year,Female,0,57
CUST04863,49-60 Months,Month-to-month,Male,0,50
CUST04864,49-60 Months,Two year,Male,0,50
CUST04865,49-60 Months,One year,Male,0,50
CUST04866,49-60 Months,Month-to-month,Female,1,56
CUST04867,49-60 Months,Month-to-month,Male,0,57
CUST04868,49-60 Months,Month-to-month,Male,1,58
CUST04869,49-60 Months,Month-to-month,Male,0,50
CUST04870,49-60 Months,One year,Male,0,52
CUST04871,49-60 Months,Month-to-month,Female,1,53
CUST04872,49-60 Months,Month-to-month,Male,0,56
CUST04873,49-60 Months,One year,Male,0,49
CUST04874,49-60 Months,One year,Male,0,59
CUST04875,49-60 Months,One year,Male,0,49
CUST04876,49-60 Months,One year,Male,0,55
CUST04877,49-60 Months,Month-to-month,Female,0,60
CUST04878,49-60 Months,One year,Male,0,51
CUST04879,49-60 Months,Month-to-month,Male,1,57
CUST04880,49-60 Months,Month-to-month,Male,0,55
CUST04881,49-60 Months,Month-to-month,Male,0,58
CUST04882,49-60 Months,One year,Female,0,56
CUST04883,49-60 Months,One year,Female,0,59
CUST04884,49-60 Months,Month-to-month,Female,0,53
CUST04885,49-60 Months,Two year,Male,0,50
CUST04886,49-60 Months,Two year,Male,0,57
CUST04887,49-60 Months,Month-to-month,Male,1,60
CUST04888,49-60 Months,One year,Male,0,54
CUST04889,49-60 Months,Month-to-month,Male,0,58
CUST04890,49-60 Months,Two year,Female,0,59
CUST04891,49-60 Months,Month-to-month,Male,0,56
CUST04892,49-60 Months,Month-to-month,Male,0,58
CUST04893,49-60 Months,Month-to-month,Male,0,55
CUST04894,49-60 Months,Month-to-month,Male,0,58
CUST04895,49-60 Months,One year,Male,0,53
CUST04896,49-60 Months,Month-to-month,Female,1,55
CUST04897,49-60 Months,Month-to-month,Male,0,49
CUST04898,49-60 Months,One year,Male,0,51
CUST04899,49-60 Months,Two year,Female,0,55
CUST04900,49-60 Months,Two year,Female,0,57
CUST04901,49-60 Months,Month-to-month,Female,0,49
CUST04902,49-60 Months,Month-to-month,Female,0,49
CUST04903,49-60 Months,Month-to-month,Male,0,49
CUST04904,49-60 Months,Two year,Female,0,55
CUST04905,49-60 Months,One year,Female,0,53
CUST04906,49-60 Months,One year,Male,0,49
CUST04907,49-60 Months,Two year,Female,0,58
CUST04908,49-60 Months,Month-to-month,Male,0,55
CUST04909,49-60 Months,One year,Female,0,49
CUST04910,49-60 Months,Month-to-month,Female,1,57
CUST04911,49-60 Months,Month-to-month,Male,0,59
CUST04912,49-60 Months,Month-to-month,Male,0,54
CUST04913,49-60 Months,Month-to-month,Male,0,60
CUST04914,49-60 Months,Two year,Male,0,54
CUST04915,49-60 Months,Month-to-month,Female,0,49
CUST04916,49-60 Months,Two year,Male,0,50
CUST04917,49-60 Months,Two year,Female,0,49
CUST04918,49-60 Months,One year,Female,0,52
CUST04919,49-60 Months,Two year,Female,0,53
CUST04920,49-60 Months,Month-to-month,Male,0,54
CUST04921,49-60 Months,Month-to-month,Female,1,54
CUST04922,49-60 Months,Month-to-month,Female,1,59
CUST04923,49-60 Months,Month-to-month,Female,0,49
CUST04924,49-60 Months,Two year,Male,0,59
CUST04925,49-60 Months,Month-to-month,Female,0,51
CUST04926,49-60 Months,Month-to-month,Male,0,60
CUST04927,49-60 Months,Month-to-month,Female,1,50
CUST04928,49-60 Months,Month-to-month,Male,0,50
CUST04929,49-60 Months,One year,Female,0,50
CUST04930,49-60 Months,Month-to-month,Male,0,52
CUST04931,49-60 Months,Two year,Female,0,60
CUST04932,49-60 Months,One year,Female,0,54
CUST04933,49-60 Months,Two year,Female,0,50
CUST04934,49-60 Months,Month-to-month,Female,0,56
CUST04935,49-60 Months,One year,Female,0,55
CUST04936,49-60 Months,Month-to-month,Female,0,57
CUST04937,49-60 Months,Month-to-month,Male,0,57
CUST04938,49-60 Months,Two year,Male,0,58
CUST04939,49-60 Months,One year,Female,0,50
CUST04940,49-60 Months,Month-to-month,Female,0,54
CUST04941,49-60 Months,Two year,Female,0,56
CUST04942,49-60 Months,Month-to-month,Female,0,55
CUST04943,49-60 Months,One year,Female,0,60
CUST04944,49-60 Months,Two year,Female,0,60
CUST04945,49-60 Months,One year,Female,0,58
CUST04946,49-60 Months,Two year,Male,0,51
CUST04947,49-60 Months,One year,Male,0,55
CUST04948,49-60 Months,Two year,Male,0,58
CUST04949,49-60 Months,One year,Female,0,52
CUST04950,49-60 Months,One year,Male,0,57
CUST04951,49-60 Months,Month-to-month,Female,0,51
CUST04952,49-60 Months,Two year,Female,0,50
CUST04953,49-60 Months,Month-to-month,Male,0,51
CUST04954,49-60 Months,Two year,Female,0,60
CUST04955,49-60 Months,Month-to-month,Female,1,60
CUST04956,49-60 Months,Month-to-month,Male,0,59
CUST04957,49-60 Months,Two year,Male,0,52
CUST04958,49-60 Months,Month-to-month,Male,1,58
CUST04959,49-60 Months,Month-to-month,Female,0,51
CUST04960,49-60 Months,One year,Female,0,50
CUST04961,49-60 Months,Month-to-month,Male,1,52
CUST04962,49-60 Months,Month-to-month,Female,1,50
CUST04963,49-60 Months,Month-to-month,Female,0,56
CUST04964,49-60 Months,Month-to-month,Female,0,57
CUST04965,49-60 Months,Month-to-month,Male,0,49
CUST04966,49-60 Months,Month-to-month,Male,0,50
CUST04967,49-60 Months,Month-to-month,Female,0,54
CUST04968,49-60 Months,Month-to-month,Male,0,50
CUST04969,49-60 Months,Month-to-month,Female,0,58
CUST04970,49-60 Months,One year,Male,0,53
CUST04971,49-60 Months,One year,Female,0,53
CUST04972,49-60 Months,Month-to-month,Female,0,49
CUST04973,49-60 Months,Month-to-month,Female,0,57
CUST04974,49-60 Months,Two year,Male,0,57
CUST04975,49-60 Months,One year,Male,0,58
CUST04976,49-60 Months,Month-to-month,Male,0,55
CUST04977,49-60 Months,Month-to-month,Female,1,52
CUST04978,49-60 Months,Month-to-month,Female,0,49
CUST04979,49-60 Months,Two year,Female,0,52
CUST04980,49-60 Months,Two year,Female,0,55
CUST04981,49-60 Months,Two year,Female,0,50
CUST04982,49-60 Months,Month-to-month,Male,0,49
CUST04983,49-60 Months,Month-to-month,Male,0,51
CUST04984,49-60 Months,Month-to-month,Male,0,49
CUST04985,49-60 Months,Month-to-month,Female,0,49
CUST04986,49-60 Months,Month-to-month,Female,0,54
CUST04987,49-60 Months,One year,Male,0,57
CUST04988,49-60 Months,Month-to-month,Female,0,54
CUST04989,49-60 Months,Two year,Male,0,50
CUST04990,49-60 Months,Month-to-month,Male,0,53
CUST04991,49-60 Months,Month-to-month,Female,0,49
CUST04992,49-60 Months,Two year,Female,0,56
CUST04993,49-60 Months,One year,Male,0,51
CUST04994,49-60 Months,Month-to-month,Male,0,53
CUST04995,49-60 Months,One year,Male,0,59
CUST04996,49-60 Months,Month-to-month,Male,0,56
CUST04997,49-60 Months,Month-to-month,Male,0,58
CUST04998,49-60 Months,Month-to-month,Female,0,53
CUST04999,49-60 Months,Month-to-month,Male,1,60
CUST05000,49-60 Months,One year,Male,0,57
CUST05001,49-60 Months,Month-to-month,Female,0,55
CUST05002,49-60 Months,One year,Female,0,55
CUST05003,49-60 Months,Two year,Male,0,56
CUST05004,49-60 Months,Month-to-month,Male,1,50
CUST05005,49-60 Months,Month-to-month,Female,0,52
CUST05006,49-60 Months,Month-to-month,Male,1,57
CUST05007,49-60 Months,Two year,Male,0,54
CUST05008,49-60 Months,One year,Male,0,58
CUST05009,49-60 Months,One year,Female,0,55
CUST05010,49-60 Months,Month-to-month,Female,0,49
CUST05011,49-60 Months,Month-to-month,Female,0,56
CUST05012,49-60 Months,One year,Male,0,56
CUST05013,49-60 Months,Month-to-month,Male,1,53
CUST05014,49-60 Months,Two year,Female,0,58
CUST05015,49-60 Months,Month-to-month,Male,0,53
CUST05016,49-60 Months,Month-to-month,Female,0,50
CUST05017,49-60 Months,One year,Male,0,50
CUST05018,49-60 Months,Month-to-month,Female,0,59
CUST05019,49-60 Months,One year,Male,0,53
CUST05020,49-60 Months,Month-to-month,Male,1,53
CUST05021,49-60 Months,Two year,Male,0,52
CUST05022,49-60 Months,Two year,Female,0,57
CUST05023,49-60 Months,Two year,Female,0,56
CUST05024,49-60 Months,One year,Female,0,59
CUST05025,49-60 Months,One year,Male,0,59
CUST05026,49-60 Months,One year,Female,0,60
CUST05027,49-60 Months,Month-to-month,Male,0,52
CUST05028,49-60 Months,Month-to-month,Male,0,56
CUST05029,49-60 Months,One year,Female,0,53
CUST05030,49-60 Months,Month-to-month,Female,1,57
CUST05031,49-60 Months,Month-to-month,Female,0,57
CUST05032,49-60 Months,Two year,Male,0,52
CUST05033,49-60 Months,Month-to-month,Male,0,59
CUST05034,49-60 Months,One year,Female,0,52
CUST05035,49-60 Months,One year,Male,0,60
CUST05036,49-60 Months,Month-to-month,Female,1,59
CUST05037,49-60 Months,Two year,Female,0,49
CUST05038,49-60 Months,Month-to-month,Male,0,53
CUST05039,49-60 Months,Two year,Male,0,53
CUST05040,49-60 Months,Two year,Female,0,58
CUST05041,49-60 Months,Month-to-month,Male,0,57
CUST05042,49-60 Months,Month-to-month,Male,0,49
CUST05043,49-60 Months,Month-to-month,Male,0,59
CUST05044,49-60 Months,Month-to-month,Male,0,51
CUST05045,49-60 Months,Month-to-month,Female,0,53
CUST05046,49-60 Months,Two year,Female,0,51
CUST05047,49-60 Months,Month-to-month,Male,0,50
CUST05048,49-60 Months,Two year,Male,0,55
CUST05049,49-60 Months,Month-to-month,Female,1,50
CUST05050,49-60 Months,Two year,Female,0,49
CUST05051,49-60 Months,Month-to-month,Female,0,58
CUST05052,49-60 Months,Month-to-month,Male,0,53
CUST05053,49-60 Months,One year,Female,0,56
CUST05054,49-60 Months,Month-to-month,Female,0,60
CUST05055,49-60 Months,Two year,Female,0,49
CUST05056,49-60 Months,Month-to-month,Male,0,58
CUST05057,49-60 Months,One year,Male,0,50
CUST05058,49-60 Months,One year,Female,0,58
CUST05059,49-60 Months,One year,Female,0,52
CUST05060,49-60 Months,Month-to-month,Female,1,50
CUST05061,49-60 Months,Month-to-month,Male,0,51
CUST05062,49-60 Months,Month-to-month,Male,0,53
CUST05063,49-60 Months,Month-to-month,Male,0,57
CUST05064,49-60 Months,Month-to-month,Male,0,57
CUST05065,49-60 Months,Two year,Female,0,57
CUST05066,49-60 Months,One year,Female,0,49
CUST05067,49-60 Months,One year,Female,0,60
CUST05068,49-60 Months,Month-to-month,Female,0,54
CUST05069,49-60 Months,Month-to-month,Female,0,50
CUST05070,49-60 Months,One year,Male,1,60
CUST05071,49-60 Months,Month-to-month,Female,0,58
CUST05072,49-60 Months,Month-to-month,Male,0,49
CUST05073,49-60 Months,Month-to-month,Female,0,54
CUST05074,49-60 Months,One year,Female,0,59
CUST05075,49-60 Months,Two year,Male,0,57
CUST05076,49-60 Months,Month-to-month,Female,0,51
CUST05077,49-60 Months,Month-to-month,Female,0,57
CUST05078,49-60 Months,Month-to-month,Female,0,51
CUST05079,49-60 Months,Month-to-month,Male,1,53
CUST05080,49-60 Months,One year,Female,0,51
CUST05081,49-60 Months,Month-to-month,Male,0,57
CUST05082,49-60 Months,One year,Male,0,60
CUST05083,49-60 Months,Month-to-month,Male,0,49
CUST05084,49-60 Months,Month-to-month,Female,0,56
CUST05085,49-60 Months,Two year,Male,0,51
CUST05086,49-60 Months,Month-to-month,Female,0,58
CUST05087,49-60 Months,Two year,Male,0,50
CUST05088,49-60 Months,Month-to-month,Male,0,53
CUST05089,49-60 Months,Two year,Female,0,51
CUST05090,49-60 Months,Month-to-month,Female,0,59
CUST05091,49-60 Months,Month-to-month,Male,0,49
CUST05092,49-60 Months,Two year,Male,0,55
CUST05093,49-60 Months,Month-to-month,Male,0,50
CUST05094,49-60 Months,Month-to-month,Female,0,56
CUST05095,49-60 Months,Two year,Male,0,58
CUST05096,49-60 Months,One year,Male,0,58
CUST05097,49-60 Months,One year,Male,0,49
CUST05098,49-60 Months,One year,Female,0,58
CUST05099,49-60 Months,Two year,Male,0,52
CUST05100,49-60 Months,Two year,Male,0,57
CUST05101,49-60 Months,One year,Female,0,60
CUST05102,49-60 Months,Month-to-month,Female,0,50
CUST05103,49-60 Months,Month-to-month,Female,0,53
CUST05104,49-60 Months,One year,Female,0,59
CUST05105,49-60 Months,Two year,Male,0,50
CUST05106,49-60 Months,Month-to-month,Female,0,52
CUST05107,49-60 Months,Month-to-month,Male,0,55
CUST05108,49-60 Months,Month-to-month,Female,0,60
CUST05109,49-60 Months,One year,Male,0,52
CUST05110,49-60 Months,Two year,Male,0,53
CUST05111,49-60 Months,Month-to-month,Male,0,58
CUST05112,49-60 Months,One year,Male,0,50
CUST05113,49-60 Months,Two year,Female,0,52
CUST05114,49-60 Months,Two year,Male,0,52
CUST05115,49-60 Months,Month-to-month,Male,0,53
CUST05116,49-60 Months,Two year,Female,0,55
CUST05117,49-60 Months,One year,Male,0,51
CUST05118,49-60 Months,Two year,Female,0,53
CUST05119,49-60 Months,Month-to-month,Male,0,60
CUST05120,49-60 Months,One year,Female,0,58
CUST05121,49-60 Months,One year,Male,0,60
CUST05122,49-60 Months,Month-to-month,Female,0,57
CUST05123,49-60 Months,Month-to-month,Female,0,55
CUST05124,49-60 Months,One year,Female,0,51
CUST05125,49-60 Months,One year,Male,0,50
CUST05126,49-60 Months,Month-to-month,Female,0,55
CUST05127,49-60 Months,Month-to-month,Male,0,53
CUST05128,49-60 Months,Month-to-month,Male,1,58
CUST05129,49-60 Months,Two year,Male,0,49
CUST05130,49-60 Months,Two year,Female,0,59
CUST05131,49-60 Months,Month-to-month,Male,0,51
CUST05132,49-60 Months,Month-to-month,Male,0,53
CUST05133,49-60 Months,Month-to-month,Female,0,53
CUST05134,49-60 Months,Month-to-month,Female,0,60
CUST05135,49-60 Months,Two year,Male,0,57
CUST05136,49-60 Months,One year,Female,0,49
CUST05137,49-60 Months,Month-to-month,Female,0,59
CUST05138,49-60 Months,Month-to-month,Female,0,57
CUST05139,49-60 Months,Month-to-month,Male,0,49
CUST05140,49-60 Months,Two year,Male,0,58
CUST05141,49-60 Months,One year,Male,0,49
CUST05142,49-60 Months,One year,Male,0,54
CUST05143,49-60 Months,Month-to-month,Female,0,50
CUST05144,49-60 Months,Two year,Female,0,49
CUST05145,49-60 Months,Month-to-month,Female,0,55
CUST05146,49-60 Months,Two year,Female,0,57
CUST05147,49-60 Months,Two year,Female,0,54
CUST05148,49-60 Months,Month-to-month,Male,0,53
CUST05149,49-60 Months,Two year,Female,0,55
CUST05150,49-60 Months,Month-to-month,Female,0,50
CUST05151,49-60 Months,One year,Female,0,49
CUST05152,49-60 Months,Month-to-month,Female,0,50
CUST05153,49-60 Months,Month-to-month,Female,0,49
CUST05154,49-60 Months,Month-to-month,Female,0,58
CUST05155,49-60 Months,Month-to-month,Female,0,56
CUST05156,49-60 Months,Month-to-month,Male,0,51
CUST05157,49-60 Months,Month-to-month,Male,1,55
CUST05158,49-60 Months,One year,Male,0,54
CUST05159,49-60 Months,Month-to-month,Male,0,50
CUST05160,49-60 Months,Month-to-month,Male,0,60
CUST05161,49-60 Months,Two year,Male,0,60
CUST05162,49-60 Months,Two year,Male,0,58
CUST05163,49-60 Months,Month-to-month,Male,1,58
CUST05164,49-60 Months,Month-to-month,Female,0,55
CUST05165,49-60 Months,One year,Female,1,58
CUST05166,49-60 Months,Two year,Female,0,55
CUST05167,49-60 Months,Month-to-month,Female,1,50
CUST05168,49-60 Months,Two year,Male,0,51
CUST05169,49-60 Months,Month-to-month,Female,0,59
CUST05170,49-60 Months,Month-to-month,Male,0,54
CUST05171,49-60 Months,One year,Male,0,57
CUST05172,49-60 Months,One year,Male,0,50
CUST05173,49-60 Months,Two year,Female,0,54
CUST05174,49-60 Months,Month-to-month,Female,0,50
CUST05175,49-60 Months,Month-to-month,Female,0,51
CUST05176,49-60 Months,Month-to-month,Male,0,50
CUST05177,49-60 Months,Month-to-month,Male,0,51
CUST05178,49-60 Months,Month-to-month,Male,0,56
CUST05179,49-60 Months,One year,Male,0,49
CUST05180,49-60 Months,One year,Male,0,51
CUST05181,49-60 Months,One year,Male,0,57
CUST05182,49-60 Months,Month-to-month,Female,0,50
CUST05183,49-60 Months,Month-to-month,Female,1,55
CUST05184,49-60 Months,One year,Female,0,59
CUST05185,49-60 Months,Month-to-month,Male,1,58
CUST05186,49-60 Months,Two year,Male,0,50
CUST05187,49-60 Months,Month-to-month,Male,0,50
CUST05188,49-60 Months,One year,Male,0,57
CUST05189,49-60 Months,Two year,Male,0,53
CUST05190,49-60 Months,One year,Female,0,54
CUST05191,49-60 Months,One year,Female,0,54
CUST05192,49-60 Months,One year,Male,0,55
CUST05193,49-60 Months,Month-to-month,Male,0,54
CUST05194,49-60 Months,One year,Male,0,49
CUST05195,49-60 Months,Two year,Female,0,50
CUST05196,49-60 Months,Two year,Male,0,49
CUST05197,49-60 Months,Month-to-month,Male,0,52
CUST05198,49-60 Months,Month-to-month,Male,1,58
CUST05199,49-60 Months,Two year,Female,0,60
CUST05200,49-60 Months,One year,Male,0,54
CUST05201,49-60 Months,Month-to-month,Male,0,49
CUST05202,49-60 Months,Month-to-month,Male,0,49
CUST05203,49-60 Months,Month-to-month,Male,0,58
CUST05204,49-60 Months,Month-to-month,Male,0,53
CUST05205,49-60 Months,Month-to-month,Male,0,59
CUST05206,49-60 Months,Month-to-month,Male,0,55
CUST05207,49-60 Months,Month-to-month,Female,0,59
CUST05208,49-60 Months,Two year,Female,0,50
CUST05209,49-60 Months,Month-to-month,Female,0,59
CUST05210,49-60 Months,Month-to-month,Male,0,55
CUST05211,49-60 Months,Month-to-month,Female,1,54
CUST05212,49-60 Months,Month-to-month,Female,1,55
CUST05213,49-60 Months,Two year,Male,0,52
CUST05214,49-60 Months,Two year,Male,0,56
CUST05215,49-60 Months,Month-to-month,Female,0,58
CUST05216,49-60 Months,Month-to-month,Female,0,58
CUST05217,49-60 Months,Month-to-month,Male,0,60
CUST05218,49-60 Months,Month-to-month,Female,1,53
CUST05219,49-60 Months,Month-to-month,Female,0,58
CUST05220,49-60 Months,Month-to-month,Female,1,59
CUST05221,49-60 Months,Month-to-month,Female,0,49
CUST05222,49-60 Months,One year,Male,0,54
CUST05223,49-60 Months,Month-to-month,Female,0,57
CUST05224,49-60 Months,Month-to-month,Male,0,54
CUST05225,49-60 Months,Month-to-month,Female,1,50
CUST05226,49-60 Months,Month-to-month,Female,0,56
CUST05227,49-60 Months,Month-to-month,Female,1,53
CUST05228,49-60 Months,Month-to-month,Male,0,56
CUST05229,49-60 Months,Month-to-month,Female,0,49
CUST05230,49-60 Months,Month-to-month,Female,0,49
CUST05231,49-60 Months,Two year,Female,0,56
CUST05232,49-60 Months,Two year,Male,0,60
CUST05233,49-60 Months,Month-to-month,Female,0,56
CUST05234,49-60 Months,Month-to-month,Male,0,60
CUST05235,49-60 Months,One year,Male,0,59
CUST05236,49-60 Months,One year,Male,0,52
CUST05237,49-60 Months,Month-to-month,Male,1,50
CUST05238,49-60 Months,Month-to-month,Female,1,55
CUST05239,49-60 Months,Month-to-month,Male,0,56
CUST05240,49-60 Months,One year,Male,0,58
CUST05241,49-60 Months,Month-to-month,Female,0,55
CUST05242,49-60 Months,Month-to-month,Male,0,60
CUST05243,49-60 Months,Month-to-month,Female,0,59
CUST05244,49-60 Months,Month-to-month,Male,0,56
CUST05245,49-60 Months,Month-to-month,Male,0,55
CUST05246,49-60 Months,One year,Male,0,49
CUST05247,49-60 Months,One year,Female,0,58
CUST05248,49-60 Months,Month-to-month,Male,1,57
CUST05249,49-60 Months,Month-to-month,Male,0,59
CUST05250,49-60 Months,Two year,Female,0,50
CUST05251,49-60 Months,Month-to-month,Male,0,50
CUST05252,49-60 Months,Month-to-month,Male,0,57
CUST05253,49-60 Months,Month-to-month,Male,1,54
CUST05254,49-60 Months,Two year,Male,0,56
CUST05255,49-60 Months,Two year,Female,0,54
CUST05256,49-60 Months,Two year,Female,0,56
CUST05257,49-60 Months,One year,Female,0,56
CUST05258,49-60 Months,Month-to-month,Female,0,51
CUST05259,49-60 Months,Month-to-month,Female,1,58
CUST05260,49-60 Months,Month-to-month,Male,0,54
CUST05261,49-60 Months,One year,Female,0,55
CUST05262,49-60 Months,One year,Male,0,56
CUST05263,49-60 Months,Month-to-month,Female,1,57
CUST05264,49-60 Months,Two year,Female,0,52
CUST05265,49-60 Months,Month-to-month,Male,0,49
CUST05266,49-60 Months,Month-to-month,Male,1,51
CUST05267,49-60 Months,Month-to-month,Female,0,60
CUST05268,49-60 Months,Two year,Male,0,51
CUST05269,49-60 Months,Two year,Male,0,51
CUST05270,49-60 Months,Month-to-month,Female,0,59
CUST05271,49-60 Months,Two year,Female,0,51
CUST05272,49-60 Months,Two year,Male,0,54
CUST05273,49-60 Months,Two year,Female,0,53
CUST05274,49-60 Months,Two year,Male,0,56
CUST05275,49-60 Months,Month-to-month,Male,0,56
CUST05276,49-60 Months,Two year,Female,0,55
CUST05277,49-60 Months,One year,Male,0,55
CUST05278,49-60 Months,One year,Female,0,59
CUST05279,49-60 Months,Month-to-month,Female,0,55
CUST05280,49-60 Months,Two year,Female,0,55
CUST05281,49-60 Months,Two year,Female,0,59
CUST05282,49-60 Months,Month-to-month,Female,0,50
CUST05283,49-60 Months,Two year,Female,0,59
CUST05284,49-60 Months,Month-to-month,Male,0,51
CUST05285,49-60 Months,Month-to-month,Female,0,52
CUST05286,49-60 Months,Month-to-month,Female,0,49
CUST05287,49-60 Months,Two year,Male,0,55
CUST05288,49-60 Months,One year,Female,0,58
CUST05289,49-60 Months,Month-to-month,Male,0,53
CUST05290,49-60 Months,One year,Male,0,56
CUST05291,49-60 Months,Month-to-month,Female,0,53
CUST05292,49-60 Months,Month-to-month,Female,0,58
CUST05293,49-60 Months,Two year,Female,0,60
CUST05294,49-60 Months,One year,Female,0,57
CUST05295,49-60 Months,Two year,Male,0,53
CUST05296,49-60 Months,One year,Male,0,58
CUST05297,49-60 Months,Two year,Male,0,49
CUST05298,49-60 Months,Month-to-month,Female,0,60
CUST05299,49-60 Months,Month-to-month,Male,0,59
CUST05300,49-60 Months,Month-to-month,Female,0,56
CUST05301,49-60 Months,One year,Male,0,56
CUST05302,49-60 Months,One year,Male,0,52
CUST05303,49-60 Months,Two year,Female,0,54
CUST05304,49-60 Months,Month-to-month,Female,0,50
CUST05305,49-60 Months,Month-to-month,Female,0,53
CUST05306,49-60 Months,One year,Male,0,56
CUST05307,49-60 Months,Two year,Female,0,53
CUST05308,49-60 Months,Month-to-month,Male,0,58
CUST05309,49-60 Months,Month-to-month,Male,0,59
CUST05310,49-60 Months,Month-to-month,Female,0,55
CUST05311,49-60 Months,Month-to-month,Male,0,53
CUST05312,49-60 Months,Month-to-month,Female,1,52
CUST05313,49-60 Months,Month-to-month,Female,0,55
CUST05314,49-60 Months,One year,Male,0,57
CUST05315,49-60 Months,Month-to-month,Female,0,50
CUST05316,49-60 Months,Month-to-month,Male,0,54
CUST05317,49-60 Months,Month-to-month,Male,0,54
CUST05318,49-60 Months,Two year,Female,0,52
CUST05319,49-60 Months,Month-to-month,Male,0,51
CUST05320,49-60 Months,Month-to-month,Female,0,59
CUST05321,49-60 Months,Month-to-month,Male,1,54
CUST05322,49-60 Months,One year,Male,0,55
CUST05323,49-60 Months,Two year,Male,0,49
CUST05324,49-60 Months,Month-to-month,Male,0,52
CUST05325,49-60 Months,Month-to-month,Female,1,51
CUST05326,49-60 Months,Month-to-month,Male,0,52
CUST05327,49-60 Months,One year,Female,0,59
CUST05328,49-60 Months,Two year,Male,0,55
CUST05329,49-60 Months,Month-to-month,Female,0,59
CUST05330,49-60 Months,Month-to-month,Female,0,54
CUST05331,49-60 Months,Two year,Female,0,58
CUST05332,49-60 Months,Two year,Female,0,50
CUST05333,49-60 Months,Month-to-month,Female,0,58
CUST05334,49-60 Months,Month-to-month,Female,0,56
CUST05335,49-60 Months,Month-to-month,Male,0,49
CUST05336,49-60 Months,Two year,Male,0,57
CUST05337,49-60 Months,One year,Female,0,54
CUST05338,49-60 Months,One year,Male,0,49
CUST05339,49-60 Months,Two year,Female,0,59
CUST05340,49-60 Months,Month-to-month,Male,0,55
CUST05341,49-60 Months,Month-to-month,Female,1,56
CUST05342,49-60 Months,Month-to-month,Male,0,55
CUST05343,49-60 Months,Two year,Female,0,50
CUST05344,49-60 Months,One year,Female,0,52
CUST05345,49-60 Months,Month-to-month,Male,1,57
CUST05346,49-60 Months,Month-to-month,Male,1,53
CUST05347,49-60 Months,Two year,Male,0,59
CUST05348,49-60 Months,Two year,Female,0,52
CUST05349,49-60 Months,One year,Male,1,54
CUST05350,49-60 Months,Month-to-month,Male,0,54
CUST05351,49-60 Months,Two year,Female,0,49
CUST05352,49-60 Months,Two year,Female,0,58
CUST05353,49-60 Months,One year,Female,0,50
CUST05354,49-60 Months,One year,Female,0,54
CUST05355,49-60 Months,Two year,Female,0,59
CUST05356,49-60 Months,Two year,Female,0,60
CUST05357,49-60 Months,One year,Male,0,51
CUST05358,49-60 Months,Month-to-month,Male,0,53
CUST05359,49-60 Months,Month-to-month,Male,0,55
CUST05360,49-60 Months,Two year,Male,0,57
CUST05361,49-60 Months,One year,Female,0,52
CUST05362,49-60 Months,Month-to-month,Male,1,55
CUST05363,49-60 Months,Month-to-month,Male,0,59
CUST05364,49-60 Months,Two year,Male,0,58
CUST05365,49-60 Months,Two year,Female,0,58
CUST05366,49-60 Months,Two year,Male,0,59
CUST05367,49-60 Months,Month-to-month,Male,0,59
CUST05368,49-60 Months,Two year,Male,0,55
CUST05369,49-60 Months,Two year,Male,0,60
CUST05370,49-60 Months,Month-to-month,Male,0,54
CUST05371,49-60 Months,Month-to-month,Male,1,57
CUST05372,49-60 Months,Two year,Male,0,60
CUST05373,49-60 Months,Month-to-month,Male,0,49
CUST05374,49-60 Months,One year,Male,0,60
CUST05375,49-60 Months,One year,Female,0,58
CUST05376,49-60 Months,One year,Male,0,60
CUST05377,49-60 Months,Month-to-month,Female,0,58
CUST05378,49-60 Months,Two year,Female,0,50
CUST05379,49-60 Months,Month-to-month,Female,0,52
CUST05380,49-60 Months,Two year,Female,0,49
CUST05381,49-60 Months,Month-to-month,Female,0,56
CUST05382,49-60 Months,One year,Female,0,54
CUST05383,49-60 Months,Two year,Female,0,54
CUST05384,49-60 Months,Month-to-month,Male,0,57
CUST05385,49-60 Months,Month-to-month,Male,0,58
CUST05386,49-60 Months,Two year,Male,0,49
CUST05387,49-60 Months,Month-to-month,Female,1,60
CUST05388,49-60 Months,Month-to-month,Female,0,53
CUST05389,49-60 Months,Month-to-month,Male,0,58
CUST05390,49-60 Months,Two year,Female,0,55
CUST05391,49-60 Months,One year,Male,0,54
CUST05392,49-60 Months,Month-to-month,Male,1,51
CUST05393,49-60 Months,Two year,Male,0,51
CUST05394,49-60 Months,Month-to-month,Female,0,57
CUST05395,49-60 Months,Month-to-month,Female,0,52
CUST05396,49-60 Months,Month-to-month,Male,0,51
CUST05397,49-60 Months,Month-to-month,Female,0,49
CUST05398,49-60 Months,Month-to-month,Male,0,59
CUST05399,49-60 Months,One year,Male,0,53
CUST05400,49-60 Months,Month-to-month,Female,0,53
CUST05401,49-60 Months,One year,Female,0,53
CUST05402,49-60 Months,Month-to-month,Female,0,56
CUST05403,49-60 Months,Month-to-month,Female,1,54
CUST05404,49-60 Months,Month-to-month,Male,0,55
CUST05405,49-60 Months,One year,Male,0,52
CUST05406,49-60 Months,Two year,Male,0,52
CUST05407,49-60 Months,Month-to-month,Female,1,59
CUST05408,49-60 Months,Month-to-month,Female,0,54
CUST05409,49-60 Months,Month-to-month,Male,0,60
CUST05410,49-60 Months,Two year,Male,0,59
CUST05411,49-60 Months,Month-to-month,Male,0,57
CUST05412,49-60 Months,Two year,Male,0,55
CUST05413,49-60 Months,Month-to-month,Male,1,59
CUST05414,49-60 Months,Month-to-month,Female,0,49
CUST05415,49-60 Months,Two year,Female,0,54
CUST05416,49-60 Months,Month-to-month,Male,0,57
CUST05417,49-60 Months,Month-to-month,Female,0,50
CUST05418,49-60 Months,Two year,Male,0,51
CUST05419,49-60 Months,Month-to-month,Female,0,49
CUST05420,49-60 Months,Month-to-month,Female,0,54
CUST05421,49-60 Months,Month-to-month,Female,0,55
CUST05422,49-60 Months,Month-to-month,Male,0,54
CUST05423,49-60 Months,Two year,Male,0,49
CUST05424,49-60 Months,Month-to-month,Female,0,54
CUST05425,49-60 Months,Two year,Female,0,59
CUST05426,49-60 Months,One year,Female,0,49
CUST05427,49-60 Months,Two year,Female,0,58
CUST05428,49-60 Months,Two year,Male,0,52
CUST05429,49-60 Months,Two year,Female,0,49
CUST05430,49-60 Months,One year,Female,0,49
CUST05431,49-60 Months,Month-to-month,Female,0,49
CUST05432,49-60 Months,Month-to-month,Male,0,53
CUST05433,49-60 Months,One year,Male,0,54
CUST05434,49-60 Months,Month-to-month,Male,0,56
CUST05435,49-60 Months,Two year,Male,0,49
CUST05436,49-60 Months,Month-to-month,Male,0,56
CUST05437,49-60 Months,Two year,Female,0,57
CUST05438,49-60 Months,Month-to-month,Male,0,49
CUST05439,49-60 Months,Two year,Male,0,57
CUST05440,49-60 Months,Month-to-month,Female,0,50
CUST05441,49-60 Months,Month-to-month,Male,0,54
CUST05442,49-60 Months,Two year,Male,0,56
CUST05443,49-60 Months,Two year,Male,0,59
CUST05444,49-60 Months,Two year,Female,0,55
CUST05445,49-60 Months,Two year,Female,0,54
CUST05446,49-60 Months,Month-to-month,Male,0,59
CUST05447,49-60 Months,Two year,Female,0,51
CUST05448,49-60 Months,Month-to-month,Female,0,51
CUST05449,49-60 Months,One year,Female,0,54
CUST05450,49-60 Months,Month-to-month,Female,0,50
CUST05451,49-60 Months,Month-to-month,Male,0,49
CUST05452,49-60 Months,One year,Male,0,53
CUST05453,49-60 Months,Two year,Male,0,50
CUST05454,49-60 Months,Month-to-month,Female,0,56
CUST05455,49-60 Months,Two year,Female,0,55
CUST05456,49-60 Months,One year,Female,0,54
CUST05457,49-60 Months,Month-to-month,Female,0,54
CUST05458,49-60 Months,One year,Male,0,50
CUST05459,49-60 Months,Month-to-month,Female,0,53
CUST05460,49-60 Months,Month-to-month,Female,0,49
CUST05461,49-60 Months,One year,Male,0,53
CUST05462,49-60 Months,Month-to-month,Male,0,57
CUST05463,49-60 Months,Month-to-month,Female,0,60
CUST05464,49-60 Months,Two year,Male,0,52
CUST05465,49-60 Months,Month-to-month,Male,0,52
CUST05466,49-60 Months,Two year,Male,0,57
CUST05467,49-60 Months,Two year,Male,0,60
CUST05468,49-60 Months,Month-to-month,Female,0,52
CUST05469,49-60 Months,One year,Female,0,59
CUST05470,49-60 Months,Month-to-month,Female,0,52
CUST05471,49-60 Months,One year,Male,0,56
CUST05472,49-60 Months,Month-to-month,Male,0,51
CUST05473,49-60 Months,Two year,Male,0,52
CUST05474,49-60 Months,Month-to-month,Male,0,60
CUST05475,49-60 Months,One year,Female,0,53
CUST05476,49-60 Months,Month-to-month,Female,1,49
CUST05477,49-60 Months,Month-to-month,Female,0,58
CUST05478,49-60 Months,Month-to-month,Female,0,50
CUST05479,49-60 Months,One year,Male,0,50
CUST05480,49-60 Months,Two year,Male,0,59
CUST05481,49-60 Months,Month-to-month,Female,1,53
CUST05482,49-60 Months,Month-to-month,Male,0,50
CUST05483,49-60 Months,Month-to-month,Female,1,60
CUST05484,49-60 Months,Month-to-month,Male,0,52
CUST05485,49-60 Months,Two year,Female,0,56
CUST05486,49-60 Months,Two year,Male,0,52
CUST05487,49-60 Months,Two year,Female,0,55
CUST05488,49-60 Months,Month-to-month,Female,1,57
CUST05489,49-60 Months,Month-to-month,Male,1,58
CUST05490,49-60 Months,Two year,Female,0,53
CUST05491,49-60 Months,Month-to-month,Female,0,56
CUST05492,49-60 Months,One year,Female,0,59
CUST05493,49-60 Months,Month-to-month,Male,0,59
CUST05494,49-60 Months,Month-to-month,Female,0,57
CUST05495,49-60 Months,Two year,Male,0,53
CUST05496,49-60 Months,Month-to-month,Male,0,55
CUST05497,49-60 Months,Two year,Male,0,60
CUST05498,49-60 Months,Month-to-month,Female,0,51
CUST05499,49-60 Months,Month-to-month,Male,0,57
CUST05500,49-60 Months,Month-to-month,Female,1,58
CUST05501,49-60 Months,Month-to-month,Male,1,54
CUST05502,49-60 Months,One year,Female,0,59
CUST05503,49-60 Months,Month-to-month,Male,0,54
CUST05504,49-60 Months,One year,Male,0,59
CUST05505,49-60 Months,Two year,Female,0,56
CUST05506,49-60 Months,Month-to-month,Female,0,49
CUST05507,49-60 Months,Month-to-month,Female,0,58
CUST05508,49-60 Months,Month-to-month,Male,0,57
CUST05509,49-60 Months,Two year,Female,0,51
CUST05510,49-60 Months,One year,Male,0,57
CUST05511,49-60 Months,Month-to-month,Male,1,55
CUST05512,49-60 Months,One year,Male,0,60
CUST05513,49-60 Months,Month-to-month,Female,0,52
CUST05514,49-60 Months,Month-to-month,Female,0,52
CUST05515,49-60 Months,Month-to-month,Female,0,49
CUST05516,49-60 Months,Two year,Male,0,58
CUST05517,49-60 Months,Month-to-month,Female,0,60
CUST05518,49-60 Months,Month-to-month,Female,0,57
CUST05519,49-60 Months,Month-to-month,Female,0,53
CUST05520,49-60 Months,One year,Male,0,59
CUST05521,49-60 Months,Month-to-month,Male,0,52
CUST05522,49-60 Months,Month-to-month,Female,1,57
CUST05523,49-60 Months,Month-to-month,Female,0,56
CUST05524,49-60 Months,One year,Female,0,59
CUST05525,49-60 Months,Month-to-month,Female,0,60
CUST05526,49-60 Months,Two year,Male,0,53
CUST05527,49-60 Months,Month-to-month,Female,0,50
CUST05528,49-60 Months,Month-to-month,Male,0,50
CUST05529,49-60 Months,Two year,Male,0,57
CUST05530,49-60 Months,Two year,Male,0,53
CUST05531,49-60 Months,Month-to-month,Female,1,50
CUST05532,49-60 Months,Two year,Male,0,58
CUST05533,49-60 Months,One year,Female,0,56
CUST05534,49-60 Months,Month-to-month,Female,0,50
CUST05535,49-60 Months,Two year,Male,0,57
CUST05536,49-60 Months,Two year,Female,0,56
CUST05537,49-60 Months,Month-to-month,Female,0,60
CUST05538,49-60 Months,One year,Female,0,60
CUST05539,49-60 Months,Month-to-month,Female,1,60
CUST05540,49-60 Months,Month-to-month,Male,0,59
CUST05541,49-60 Months,Two year,Male,0,58
CUST05542,49-60 Months,One year,Male,0,57
CUST05543,49-60 Months,One year,Female,0,55
CUST05544,49-60 Months,One year,Female,0,58
CUST05545,49-60 Months,One year,Female,0,60
CUST05546,49-60 Months,Month-to-month,Male,1,50
CUST05547,49-60 Months,Two year,Male,0,50
CUST05548,49-60 Months,One year,Male,0,54
CUST05549,49-60 Months,One year,Male,0,52
CUST05550,49-60 Months,Month-to-month,Male,0,55
CUST05551,49-60 Months,Month-to-month,Female,0,52
CUST05552,49-60 Months,Month-to-month,Male,0,58
CUST05553,49-60 Months,Month-to-month,Male,0,59
CUST05554,49-60 Months,Month-to-month,Male,0,52
CUST05555,49-60 Months,One year,Female,0,58
CUST05556,49-60 Months,Two year,Male,0,50
CUST05557,49-60 Months,Month-to-month,Female,0,58
CUST05558,49-60 Months,Month-to-month,Male,1,57
CUST05559,49-60 Months,One year,Male,0,57
CUST05560,49-60 Months,Month-to-month,Male,0,54
CUST05561,49-60 Months,Two year,Female,0,50
CUST05562,49-60 Months,Month-to-month,Female,0,59
CUST05563,49-60 Months,Month-to-month,Male,0,50
CUST05564,49-60 Months,Month-to-month,Male,0,54
CUST05565,49-60 Months,Two year,Male,0,51
CUST05566,49-60 Months,Month-to-month,Female,0,59
CUST05567,49-60 Months,One year,Male,0,55
CUST05568,49-60 Months,Month-to-month,Male,0,55
CUST05569,49-60 Months,Month-to-month,Female,0,52
CUST05570,49-60 Months,Two year,Female,0,58
CUST05571,49-60 Months,Month-to-month,Male,0,51
CUST05572,49-60 Months,Month-to-month,Female,0,57
CUST05573,49-60 Months,One year,Male,0,60
CUST05574,49-60 Months,Two year,Male,0,52
CUST05575,49-60 Months,Month-to-month,Female,0,57
CUST05576,49-60 Months,Month-to-month,Female,0,52
CUST05577,49-60 Months,Two year,Male,0,60
CUST05578,49-60 Months,One year,Male,0,59
CUST05579,49-60 Months,Two year,Male,0,52
CUST05580,49-60 Months,Two year,Male,0,51
CUST05581,49-60 Months,One year,Male,0,49
CUST05582,49-60 Months,Month-to-month,Male,1,57
CUST05583,49-60 Months,Month-to-month,Male,0,60
CUST05584,49-60 Months,One year,Male,0,50
CUST05585,49-60 Months,One year,Female,0,58
CUST05586,49-60 Months,Two year,Female,0,58
CUST05587,49-60 Months,One year,Male,0,54
CUST05588,49-60 Months,Month-to-month,Female,0,51
CUST05589,49-60 Months,Month-to-month,Male,0,56
CUST05590,49-60 Months,One year,Male,0,56
CUST05591,49-60 Months,Month-to-month,Female,0,58
CUST05592,49-60 Months,Two year,Female,0,55
CUST05593,49-60 Months,One year,Male,0,49
CUST05594,49-60 Months,Month-to-month,Female,1,51
CUST05595,49-60 Months,One year,Male,1,53
CUST05596,49-60 Months,One year,Male,0,54
CUST05597,49-60 Months,Two year,Female,0,53
CUST05598,49-60 Months,Month-to-month,Male,1,59
CUST05599,49-60 Months,One year,Male,0,52
CUST05600,49-60 Months,Month-to-month,Female,0,57
CUST05601,49-60 Months,One year,Female,0,53
CUST05602,49-60 Months,Month-to-month,Female,1,60
CUST05603,49-60 Months,Two year,Male,0,59
CUST05604,49-60 Months,Two year,Female,0,58
CUST05605,49-60 Months,One year,Female,0,58
CUST05606,49-60 Months,One year,Female,0,56
CUST05607,49-60 Months,Month-to-month,Female,0,56
CUST05608,49-60 Months,One year,Female,0,55
CUST05609,49-60 Months,Month-to-month,Male,0,49
CUST05610,49-60 Months,One year,Female,0,60
CUST05611,49-60 Months,Month-to-month,Male,0,60
CUST05612,49-60 Months,One year,Female,0,55
CUST05613,49-60 Months,Month-to-month,Female,0,59
CUST05614,49-60 Months,One year,Female,0,53
CUST05615,49-60 Months,One year,Male,0,50
CUST05616,49-60 Months,Month-to-month,Male,0,59
CUST05617,49-60 Months,Month-to-month,Female,0,55
CUST05618,49-60 Months,Two year,Male,0,60
CUST05619,49-60 Months,One year,Female,0,51
CUST05620,49-60 Months,Month-to-month,Male,0,54
CUST05621,49-60 Months,Month-to-month,Male,1,57
CUST05622,49-60 Months,Month-to-month,Female,0,50
CUST05623,49-60 Months,One year,Female,0,60
CUST05624,49-60 Months,One year,Female,0,56
CUST05625,49-60 Months,Month-to-month,Male,1,51
CUST05626,49-60 Months,One year,Female,0,57
CUST05627,49-60 Months,Two year,Male,0,59
CUST05628,49-60 Months,Two year,Female,0,53
CUST05629,49-60 Months,Month-to-month,Male,0,56
CUST05630,49-60 Months,Month-to-month,Female,0,57
CUST05631,49-60 Months,Month-to-month,Male,0,50
CUST05632,49-60 Months,Month-to-month,Female,1,55
CUST05633,49-60 Months,Month-to-month,Female,0,55
CUST05634,49-60 Months,Month-to-month,Female,0,52
CUST05635,49-60 Months,Month-to-month,Male,0,52
CUST05636,49-60 Months,One year,Female,0,56
CUST05637,60+ Months,One year,Male,0,70
CUST05638,60+ Months,Two year,Male,0,65
CUST05639,60+ Months,Month-to-month,Female,0,62
CUST05640,60+ Months,Two year,Female,0,70
CUST05641,60+ Months,One year,Female,0,63
CUST05642,60+ Months,Two year,Female,0,61
CUST05643,60+ Months,Two year,Female,0,64
CUST05644,60+ Months,One year,Male,0,70
CUST05645,60+ Months,Two year,Female,0,70
CUST05646,60+ Months,Month-to-month,Female,0,64
CUST05647,60+ Months,Two year,Male,0,67
CUST05648,60+ Months,Month-to-month,Female,0,72
CUST05649,60+ Months,One year,Male,0,69
CUST05650,60+ Months,Month-to-month,Male,1,70
CUST05651,60+ Months,Two year,Female,0,62
CUST05652,60+ Months,One year,Male,0,63
CUST05653,60+ Months,Two year,Male,0,62
CUST05654,60+ Months,One year,Male,0,72
CUST05655,60+ Months,One year,Male,0,65
CUST05656,60+ Months,Month-to-month,Male,0,66
CUST05657,60+ Months,Two year,Male,0,67
CUST05658,60+ Months,Two year,Male,0,67
CUST05659,60+ Months,Month-to-month,Male,0,61
CUST05660,60+ Months,Two year,Male,0,71
CUST05661,60+ Months,One year,Male,0,65
CUST05662,60+ Months,Month-to-month,Female,0,72
CUST05663,60+ Months,Two year,Male,0,70
CUST05664,60+ Months,Month-to-month,Female,1,69
CUST05665,60+ Months,Month-to-month,Female,0,69
CUST05666,60+ Months,Two year,Female,0,72
CUST05667,60+ Months,One year,Female,0,64
CUST05668,60+ Months,Two year,Male,0,64
CUST05669,60+ Months,Two year,Female,0,69
CUST05670,60+ Months,Two year,Male,0,63
CUST05671,60+ Months,Two year,Male,0,70
CUST05672,60+ Months,Two year,Female,0,61
CUST05673,60+ Months,One year,Female,0,71
CUST05674,60+ Months,Two year,Male,0,65
CUST05675,60+ Months,Two year,Male,0,61
CUST05676,60+ Months,Two year,Female,0,68
CUST05677,60+ Months,Month-to-month,Female,0,64
CUST05678,60+ Months,Two year,Female,0,64
CUST05679,60+ Months,Two year,Female,0,66
CUST05680,60+ Months,One year,Female,0,67
CUST05681,60+ Months,Two year,Male,0,62
CUST05682,60+ Months,One year,Female,0,61
CUST05683,60+ Months,Month-to-month,Female,0,66
CUST05684,60+ Months,Two year,Male,0,65
CUST05685,60+ Months,One year,Male,0,67
CUST05686,60+ Months,Month-to-month,Female,0,69
CUST05687,60+ Months,Month-to-month,Male,0,68
CUST05688,60+ Months,Month-to-month,Male,1,62
CUST05689,60+ Months,Two year,Female,0,72
CUST05690,60+ Months,Two year,Female,0,69
CUST05691,60+ Months,Two year,Male,0,61
CUST05692,60+ Months,Month-to-month,Male,1,70
CUST05693,60+ Months,Two year,Male,0,71
CUST05694,60+ Months,Two year,Female,0,67
CUST05695,60+ Months,Two year,Male,0,70
CUST05696,60+ Months,One year,Female,0,71
CUST05697,60+ Months,Month-to-month,Male,0,72
CUST05698,60+ Months,Two year,Male,0,72
CUST05699,60+ Months,Two year,Female,0,63
CUST05700,60+ Months,Month-to-month,Female,0,61
CUST05701,60+ Months,Two year,Male,0,68
CUST05702,60+ Months,Month-to-month,Male,0,69
CUST05703,60+ Months,Month-to-month,Female,0,67
CUST05704,60+ Months,Two year,Male,0,63
CUST05705,60+ Months,Two year,Female,0,72
CUST05706,60+ Months,One year,Female,0,65
CUST05707,60+ Months,Two year,Female,0,69
CUST05708,60+ Months,Two year,Male,0,68
CUST05709,60+ Months,Month-to-month,Female,1,71
CUST05710,60+ Months,Two year,Male,0,69
CUST05711,60+ Months,Two year,Female,0,68
CUST05712,60+ Months,Two year,Male,0,71
CUST05713,60+ Months,Two year,Male,0,61
CUST05714,60+ Months,Two year,Female,0,69
CUST05715,60+ Months,Month-to-month,Female,0,68
CUST05716,60+ Months,Month-to-month,Female,0,70
CUST05717,60+ Months,Two year,Female,0,63
CUST05718,60+ Months,Two year,Male,0,68
CUST05719,60+ Months,Month-to-month,Male,0,64
CUST05720,60+ Months,Month-to-month,Female,0,62
CUST05721,60+ Months,Two year,Male,0,67
CUST05722,60+ Months,Month-to-month,Female,0,61
CUST05723,60+ Months,Month-to-month,Female,0,62
CUST05724,60+ Months,Two year,Female,0,67
CUST05725,60+ Months,Two year,Female,0,71
CUST05726,60+ Months,Two year,Male,0,69
CUST05727,60+ Months,Two year,Female,0,61
CUST05728,60+ Months,One year,Male,0,62
CUST05729,60+ Months,Two year,Female,0,66
CUST05730,60+ Months,One year,Male,0,66
CUST05731,60+ Months,One year,Female,0,61
CUST05732,60+ Months,Two year,Female,0,64
CUST05733,60+ Months,Two year,Female,0,62
CUST05734,60+ Months,Two year,Female,0,67
CUST05735,60+ Months,Month-to-month,Female,0,68
CUST05736,60+ Months,Two year,Female,0,65
CUST05737,60+ Months,Two year,Male,0,67
CUST05738,60+ Months,Two year,Female,0,63
CUST05739,60+ Months,Two year,Male,0,71
CUST05740,60+ Months,One year,Male,0,61
CUST05741,60+ Months,Two year,Male,0,67
CUST05742,60+ Months,Two year,Male,0,64
CUST05743,60+ Months,Two year,Female,0,66
CUST05744,60+ Months,Two year,Male,0,67
CUST05745,60+ Months,Two year,Male,0,68
CUST05746,60+ Months,Month-to-month,Male,0,72
CUST05747,60+ Months,Month-to-month,Female,0,67
CUST05748,60+ Months,Two year,Male,0,63
CUST05749,60+ Months,Two year,Female,0,67
CUST05750,60+ Months,Two year,Male,0,67
CUST05751,60+ Months,Month-to-month,Female,0,71
CUST05752,60+ Months,One year,Female,0,67
CUST05753,60+ Months,Two year,Male,0,71
CUST05754,60+ Months,Two year,Male,0,68
CUST05755,60+ Months,Month-to-month,Female,1,67
CUST05756,60+ Months,Two year,Male,0,64
CUST05757,60+ Months,Month-to-month,Male,0,64
CUST05758,60+ Months,One year,Male,1,62
CUST05759,60+ Months,Month-to-month,Male,0,67
CUST05760,60+ Months,Month-to-month,Female,0,72
CUST05761,60+ Months,Month-to-month,Female,0,61
CUST05762,60+ Months,Two year,Male,0,72
CUST05763,60+ Months,Two year,Female,0,71
CUST05764,60+ Months,Two year,Male,0,66
CUST05765,60+ Months,One year,Male,0,64
CUST05766,60+ Months,One year,Male,0,67
CUST05767,60+ Months,One year,Female,0,71
CUST05768,60+ Months,Two year,Male,0,61
CUST05769,60+ Months,One year,Male,0,66
CUST05770,60+ Months,Two year,Female,0,61
CUST05771,60+ Months,Two year,Female,0,68
CUST05772,60+ Months,Two year,Female,0,61
CUST05773,60+ Months,Month-to-month,Female,1,64
CUST05774,60+ Months,Two year,Male,0,69
CUST05775,60+ Months,Month-to-month,Male,0,70
CUST05776,60+ Months,Month-to-month,Female,1,63
CUST05777,60+ Months,Two year,Male,0,67
CUST05778,60+ Months,Two year,Female,0,63
CUST05779,60+ Months,Two year,Female,0,68
CUST05780,60+ Months,Month-to-month,Female,0,61
CUST05781,60+ Months,Two year,Male,0,70
CUST05782,60+ Months,Two year,Male,0,61
CUST05783,60+ Months,One year,Male,0,68
CUST05784,60+ Months,Two year,Male,0,65
CUST05785,60+ Months,Month-to-month,Female,0,63
CUST05786,60+ Months,Two year,Male,0,67
CUST05787,60+ Months,Two year,Female,0,62
CUST05788,60+ Months,Two year,Female,0,67
CUST05789,60+ Months,Two year,Male,0,68
CUST05790,60+ Months,One year,Female,0,66
CUST05791,60+ Months,Two year,Female,0,65
CUST05792,60+ Months,Two year,Female,0,66
CUST05793,60+ Months,Month-to-month,Female,0,72
CUST05794,60+ Months,Month-to-month,Male,1,70
CUST05795,60+ Months,Two year,Female,0,61
CUST05796,60+ Months,Two year,Male,0,64
CUST05797,60+ Months,Two year,Male,0,61
CUST05798,60+ Months,Two year,Male,0,63
CUST05799,60+ Months,Two year,Female,0,70
CUST05800,60+ Months,One year,Male,0,71
CUST05801,60+ Months,One year,Female,0,66
CUST05802,60+ Months,Two year,Female,0,69
CUST05803,60+ Months,Two year,Male,0,65
CUST05804,60+ Months,Two year,Female,0,66
CUST05805,60+ Months,Two year,Male,0,70
CUST05806,60+ Months,Two year,Female,0,64
CUST05807,60+ Months,Two year,Male,0,64
CUST05808,60+ Months,Two year,Male,0,62
CUST05809,60+ Months,Month-to-month,Male,0,63
CUST05810,60+ Months,Two year,Female,0,61
CUST05811,60+ Months,Two year,Female,0,70
CUST05812,60+ Months,Month-to-month,Male,0,71
CUST05813,60+ Months,Two year,Male,0,66
CUST05814,60+ Months,Two year,Female,0,68
CUST05815,60+ Months,Two year,Female,0,63
CUST05816,60+ Months,Two year,Male,0,61
CUST05817,60+ Months,One year,Male,0,67
CUST05818,60+ Months,Month-to-month,Male,0,62
CUST05819,60+ Months,One year,Male,0,71
CUST05820,60+ Months,One year,Female,0,64
CUST05821,60+ Months,Two year,Female,0,69
CUST05822,60+ Months,Two year,Male,0,64
CUST05823,60+ Months,Two year,Male,0,62
CUST05824,60+ Months,Month-to-month,Female,0,67
CUST05825,60+ Months,One year,Male,0,63
CUST05826,60+ Months,Month-to-month,Female,0,65
CUST05827,60+ Months,Two year,Female,0,64
CUST05828,60+ Months,Month-to-month,Male,0,71
CUST05829,60+ Months,Two year,Female,0,67
CUST05830,60+ Months,Two year,Female,0,69
CUST05831,60+ Months,Two year,Male,0,68
CUST05832,60+ Months,One year,Female,0,71
CUST05833,60+ Months,One year,Female,0,66
CUST05834,60+ Months,Two year,Male,0,71
CUST05835,60+ Months,Two year,Female,0,71
CUST05836,60+ Months,Month-to-month,Male,0,72
CUST05837,60+ Months,Two year,Female,0,69
CUST05838,60+ Months,Two year,Female,0,72
CUST05839,60+ Months,One year,Male,0,69
CUST05840,60+ Months,Month-to-month,Female,0,64
CUST05841,60+ Months,One year,Male,0,62
CUST05842,60+ Months,One year,Male,0,63
CUST05843,60+ Months,One year,Male,0,67
CUST05844,60+ Months,Two year,Female,0,62
CUST05845,60+ Months,One year,Female,0,63
CUST05846,60+ Months,Two year,Male,0,68
CUST05847,60+ Months,Two year,Female,0,64
CUST05848,60+ Months,Month-to-month,Male,1,69
CUST05849,60+ Months,Month-to-month,Male,0,72
CUST05850,60+ Months,Two year,Female,0,62
CUST05851,60+ Months,Two year,Female,0,68
CUST05852,60+ Months,Two year,Male,0,70
CUST05853,60+ Months,Month-to-month,Male,1,62
CUST05854,60+ Months,One year,Female,0,70
CUST05855,60+ Months,Month-to-month,Male,0,67
CUST05856,60+ Months,Two year,Male,0,68
CUST05857,60+ Months,Two year,Female,0,61
CUST05858,60+ Months,Two year,Female,0,66
CUST05859,60+ Months,Two year,Male,0,65
CUST05860,60+ Months,One year,Male,0,62
CUST05861,60+ Months,Two year,Male,0,70
CUST05862,60+ Months,Month-to-month,Female,0,67
CUST05863,60+ Months,Two year,Male,0,71
CUST05864,60+ Months,Two year,Male,0,62
CUST05865,60+ Months,Two year,Male,0,69
CUST05866,60+ Months,One year,Female,0,68
CUST05867,60+ Months,Two year,Female,0,68
CUST05868,60+ Months,Two year,Male,0,64
CUST05869,60+ Months,Month-to-month,Female,0,69
CUST05870,60+ Months,Month-to-month,Female,0,63
CUST05871,60+ Months,Two year,Male,0,70
CUST05872,60+ Months,One year,Female,0,66
CUST05873,60+ Months,Month-to-month,Male,1,66
CUST05874,60+ Months,Month-to-month,Male,0,67
CUST05875,60+ Months,Month-to-month,Male,0,62
CUST05876,60+ Months,One year,Female,0,65
CUST05877,60+ Months,Two year,Male,0,63
CUST05878,60+ Months,Month-to-month,Male,1,72
CUST05879,60+ Months,Two year,Male,0,66
CUST05880,60+ Months,One year,Female,0,61
CUST05881,60+ Months,One year,Female,0,61
CUST05882,60+ Months,Month-to-month,Male,0,71
CUST05883,60+ Months,Two year,Female,0,62
CUST05884,60+ Months,Two year,Male,0,61
CUST05885,60+ Months,One year,Female,0,63
CUST05886,60+ Months,Month-to-month,Female,0,63
CUST05887,60+ Months,One year,Male,0,61
CUST05888,60+ Months,Month-to-month,Male,0,72
CUST05889,60+ Months,Two year,Male,0,61
CUST05890,60+ Months,Month-to-month,Female,0,69
CUST05891,60+ Months,Two year,Male,0,71
CUST05892,60+ Months,Two year,Male,0,68
CUST05893,60+ Months,Two year,Female,0,62
CUST05894,60+ Months,Two year,Female,0,69
CUST05895,60+ Months,Month-to-month,Female,0,64
CUST05896,60+ Months,Two year,Male,0,65
CUST05897,60+ Months,Month-to-month,Female,0,64
CUST05898,60+ Months,Two year,Male,0,70
CUST05899,60+ Months,Two year,Female,0,67
CUST05900,60+ Months,Month-to-month,Male,0,62
CUST05901,60+ Months,Two year,Male,0,65
CUST05902,60+ Months,Month-to-month,Male,0,70
CUST05903,60+ Months,Month-to-month,Female,0,72
CUST05904,60+ Months,Two year,Female,0,72
CUST05905,60+ Months,One year,Male,0,62
CUST05906,60+ Months,Two year,Female,0,71
CUST05907,60+ Months,Two year,Male,0,67
CUST05908,60+ Months,Two year,Female,0,69
CUST05909,60+ Months,One year,Female,0,65
CUST05910,60+ Months,Month-to-month,Female,1,68
CUST05911,60+ Months,Two year,Male,0,64
CUST05912,60+ Months,Month-to-month,Male,0,67
CUST05913,60+ Months,Two year,Female,0,63
CUST05914,60+ Months,One year,Female,0,65
CUST05915,60+ Months,One year,Female,0,65
CUST05916,60+ Months,Two year,Male,0,71
CUST05917,60+ Months,Two year,Male,0,68
CUST05918,60+ Months,Two year,Female,0,68
CUST05919,60+ Months,Two year,Male,0,64
CUST05920,60+ Months,One year,Male,0,66
CUST05921,60+ Months,One year,Male,0,66
CUST05922,60+ Months,Month-to-month,Female,0,70
CUST05923,60+ Months,Two year,Male,0,63
CUST05924,60+ Months,One year,Male,0,61
CUST05925,60+ Months,Two year,Female,0,67
CUST05926,60+ Months,Month-to-month,Female,1,70
CUST05927,60+ Months,Two year,Female,0,69
CUST05928,60+ Months,Two year,Female,0,70
CUST05929,60+ Months,Two year,Female,0,65
CUST05930,60+ Months,Month-to-month,Male,0,63
CUST05931,60+ Months,Two year,Male,0,68
CUST05932,60+ Months,Month-to-month,Female,0,61
CUST05933,60+ Months,One year,Female,0,71
CUST05934,60+ Months,Month-to-month,Male,0,69
CUST05935,60+ Months,One year,Male,0,67
CUST05936,60+ Months,Two year,Female,0,63
CUST05937,60+ Months,Month-to-month,Male,0,64
CUST05938,60+ Months,One year,Female,0,72
CUST05939,60+ Months,Two year,Female,0,61
CUST05940,60+ Months,Two year,Male,0,61
CUST05941,60+ Months,Two year,Male,0,65
CUST05942,60+ Months,Two year,Female,0,63
CUST05943,60+ Months,Month-to-month,Male,0,69
CUST05944,60+ Months,Two year,Male,0,61
CUST05945,60+ Months,Month-to-month,Female,0,70
CUST05946,60+ Months,One year,Male,0,70
CUST05947,60+ Months,Month-to-month,Female,0,63
CUST05948,60+ Months,Two year,Female,0,67
CUST05949,60+ Months,One year,Female,0,69
CUST05950,60+ Months,Two year,Female,0,71
CUST05951,60+ Months,One year,Female,0,69
CUST05952,60+ Months,One year,Male,0,72
CUST05953,60+ Months,One year,Female,0,62
CUST05954,60+ Months,Month-to-month,Male,0,68
CUST05955,60+ Months,One year,Female,1,70
CUST05956,60+ Months,Two year,Male,0,63
CUST05957,60+ Months,Two year,Male,0,63
CUST05958,60+ Months,Month-to-month,Female,0,62
CUST05959,60+ Months,Two year,Male,0,72
CUST05960,60+ Months,One year,Male,0,71
CUST05961,60+ Months,Month-to-month,Female,0,62
CUST05962,60+ Months,Month-to-month,Female,0,63
CUST05963,60+ Months,One year,Male,0,66
CUST05964,60+ Months,One year,Male,0,71
CUST05965,60+ Months,Two year,Female,0,70
CUST05966,60+ Months,Month-to-month,Male,0,71
CUST05967,60+ Months,Two year,Female,0,70
CUST05968,60+ Months,One year,Female,0,68
CUST05969,60+ Months,Two year,Male,0,64
CUST05970,60+ Months,Two year,Male,0,68
CUST05971,60+ Months,One year,Female,0,66
CUST05972,60+ Months,Month-to-month,Female,0,72
CUST05973,60+ Months,Two year,Female,0,66
CUST05974,60+ Months,Two year,Male,0,70
CUST05975,60+ Months,Two year,Female,0,63
CUST05976,60+ Months,Month-to-month,Female,0,69
CUST05977,60+ Months,Two year,Female,0,66
CUST05978,60+ Months,One year,Male,0,66
CUST05979,60+ Months,Month-to-month,Female,0,70
CUST05980,60+ Months,Two year,Male,0,66
CUST05981,60+ Months,Two year,Female,0,61
CUST05982,60+ Months,Two year,Female,0,65
CUST05983,60+ Months,Two year,Female,0,72
CUST05984,60+ Months,One year,Female,0,72
CUST05985,60+ Months,Two year,Female,0,68
CUST05986,60+ Months,One year,Female,0,68
CUST05987,60+ Months,Month-to-month,Female,0,64
CUST05988,60+ Months,One year,Female,0,70
CUST05989,60+ Months,Two year,Female,0,68
CUST05990,60+ Months,One year,Female,0,61
CUST05991,60+ Months,Month-to-month,Female,0,72
CUST05992,60+ Months,Two year,Female,0,71
CUST05993,60+ Months,Two year,Male,0,61
CUST05994,60+ Months,Two year,Male,0,66
CUST05995,60+ Months,Two year,Male,0,69
CUST05996,60+ Months,One year,Female,0,69
CUST05997,60+ Months,Two year,Male,0,63
CUST05998,60+ Months,Two year,Male,0,61
CUST05999,60+ Months,Two year,Female,0,72
CUST06000,60+ Months,Two year,Female,0,71
CUST06001,60+ Months,One year,Male,0,69
CUST06002,60+ Months,Month-to-month,Male,0,68
CUST06003,60+ Months,Two year,Male,0,69
CUST06004,60+ Months,Month-to-month,Male,0,66
CUST06005,60+ Months,Month-to-month,Male,0,69
CUST06006,60+ Months,One year,Male,1,64
CUST06007,60+ Months,Two year,Female,0,62
CUST06008,60+ Months,Two year,Female,0,64
CUST06009,60+ Months,Two year,Male,0,64
CUST06010,60+ Months,Two year,Female,0,64
CUST06011,60+ Months,Two year,Female,0,66
CUST06012,60+ Months,Two year,Female,0,62
CUST06013,60+ Months,Month-to-month,Female,0,65
CUST06014,60+ Months,Two year,Female,0,66
CUST06015,60+ Months,Month-to-month,Male,0,63
CUST06016,60+ Months,Month-to-month,Female,0,66
CUST06017,60+ Months,Month-to-month,Male,0,69
CUST06018,60+ Months,Two year,Female,0,65
CUST06019,60+ Months,Two year,Male,0,61
CUST06020,60+ Months,Two year,Male,0,69
CUST06021,60+ Months,Two year,Male,0,67
CUST06022,60+ Months,Two year,Female,0,66
CUST06023,60+ Months,Month-to-month,Female,1,61
CUST06024,60+ Months,Two year,Male,0,62
CUST06025,60+ Months,Two year,Male,0,61
CUST06026,60+ Months,Two year,Female,0,71
CUST06027,60+ Months,Month-to-month,Male,0,64
CUST06028,60+ Months,Month-to-month,Male,0,66
CUST06029,60+ Months,Two year,Female,0,69
CUST06030,60+ Months,Month-to-month,Male,1,68
CUST06031,60+ Months,One year,Female,0,61
CUST06032,60+ Months,One year,Female,0,72
CUST06033,60+ Months,Month-to-month,Male,0,64
CUST06034,60+ Months,Month-to-month,Female,0,70
CUST06035,60+ Months,Two year,Male,0,70
CUST06036,60+ Months,Two year,Male,0,67
CUST06037,60+ Months,Two year,Male,0,62
CUST06038,60+ Months,One year,Female,0,67
CUST06039,60+ Months,Month-to-month,Female,1,63
CUST06040,60+ Months,One year,Female,0,71
CUST06041,60+ Months,One year,Male,0,70
CUST06042,60+ Months,Month-to-month,Female,0,70
CUST06043,60+ Months,Two year,Male,0,70
CUST06044,60+ Months,Two year,Female,0,63
CUST06045,60+ Months,Two year,Female,0,61
CUST06046,60+ Months,One year,Male,0,68
CUST06047,60+ Months,One year,Male,0,68
CUST06048,60+ Months,Month-to-month,Female,0,71
CUST06049,60+ Months,One year,Male,0,68
CUST06050,60+ Months,Two year,Female,0,70
CUST06051,60+ Months,One year,Male,0,65
CUST06052,60+ Months,Two year,Female,0,62
CUST06053,60+ Months,Two year,Male,0,61
CUST06054,60+ Months,Month-to-month,Female,0,66
CUST06055,60+ Months,Month-to-month,Female,0,61
CUST06056,60+ Months,Month-to-month,Male,1,67
CUST06057,60+ Months,Month-to-month,Female,0,65
CUST06058,60+ Months,Two year,Female,0,64
CUST06059,60+ Months,Two year,Female,0,68
CUST06060,60+ Months,Two year,Female,0,69
CUST06061,60+ Months,Two year,Male,0,61
CUST06062,60+ Months,One year,Female,0,66
CUST06063,60+ Months,Month-to-month,Male,0,72
CUST06064,60+ Months,One year,Male,0,64
CUST06065,60+ Months,One year,Female,0,70
CUST06066,60+ Months,Two year,Male,0,65
CUST06067,60+ Months,One year,Female,0,64
CUST06068,60+ Months,Month-to-month,Female,0,71
CUST06069,60+ Months,One year,Female,0,65
CUST06070,60+ Months,Month-to-month,Female,0,71
CUST06071,60+ Months,Two year,Female,0,68
CUST06072,60+ Months,Month-to-month,Female,1,70
CUST06073,60+ Months,Month-to-month,Male,0,70
CUST06074,60+ Months,Month-to-month,Male,0,71
CUST06075,60+ Months,Two year,Male,0,67
CUST06076,60+ Months,Two year,Male,0,72
CUST06077,60+ Months,Two year,Male,1,61
CUST06078,60+ Months,One year,Female,0,66
CUST06079,60+ Months,Month-to-month,Male,1,65
CUST06080,60+ Months,Two year,Female,0,62
CUST06081,60+ Months,Month-to-month,Male,0,71
CUST06082,60+ Months,Month-to-month,Male,0,70
CUST06083,60+ Months,Two year,Female,0,69
CUST06084,60+ Months,Month-to-month,Male,0,68
CUST06085,60+ Months,Month-to-month,Male,1,68
CUST06086,60+ Months,Two year,Male,0,65
CUST06087,60+ Months,One year,Female,0,69
CUST06088,60+ Months,Month-to-month,Male,1,72
CUST06089,60+ Months,One year,Male,0,64
CUST06090,60+ Months,Two year,Female,0,65
CUST06091,60+ Months,Month-to-month,Male,0,62
CUST06092,60+ Months,Month-to-month,Female,1,71
CUST06093,60+ Months,Two year,Male,0,67
CUST06094,60+ Months,Two year,Female,0,68
CUST06095,60+ Months,Two year,Female,0,64
CUST06096,60+ Months,One year,Female,0,61
CUST06097,60+ Months,Month-to-month,Male,0,70
CUST06098,60+ Months,Two year,Male,0,71
CUST06099,60+ Months,Two year,Female,0,65
CUST06100,60+ Months,Month-to-month,Female,1,70
CUST06101,60+ Months,Two year,Male,0,67
CUST06102,60+ Months,Month-to-month,Female,0,68
CUST06103,60+ Months,Two year,Female,0,63
CUST06104,60+ Months,Two year,Male,0,68
CUST06105,60+ Months,One year,Female,0,62
CUST06106,60+ Months,Two year,Male,0,63
CUST06107,60+ Months,Two year,Female,0,65
CUST06108,60+ Months,Month-to-month,Male,0,63
CUST06109,60+ Months,One year,Male,0,71
CUST06110,60+ Months,Two year,Female,0,61
CUST06111,60+ Months,Month-to-month,Male,0,71
CUST06112,60+ Months,One year,Male,0,62
CUST06113,60+ Months,One year,Male,0,71
CUST06114,60+ Months,Two year,Female,0,65
CUST06115,60+ Months,One year,Female,1,72
CUST06116,60+ Months,Two year,Male,0,67
CUST06117,60+ Months,One year,Female,0,66
CUST06118,60+ Months,Month-to-month,Female,1,62
CUST06119,60+ Months,Two year,Female,0,66
CUST06120,60+ Months,Month-to-month,Male,0,67
CUST06121,60+ Months,Month-to-month,Female,0,72
CUST06122,60+ Months,One year,Female,0,64
CUST06123,60+ Months,Two year,Male,0,61
CUST06124,60+ Months,One year,Female,0,64
CUST06125,60+ Months,Month-to-month,Female,0,63
CUST06126,60+ Months,One year,Female,0,72
CUST06127,60+ Months,Month-to-month,Female,0,62
CUST06128,60+ Months,Month-to-month,Male,0,72
CUST06129,60+ Months,Two year,Female,0,62
CUST06130,60+ Months,Month-to-month,Male,0,70
CUST06131,60+ Months,One year,Female,0,65
CUST06132,60+ Months,Two year,Female,0,61
CUST06133,60+ Months,Two year,Female,0,68
CUST06134,60+ Months,One year,Male,1,69
CUST06135,60+ Months,One year,Female,0,71
CUST06136,60+ Months,Month-to-month,Female,1,63
CUST06137,60+ Months,Two year,Male,0,68
CUST06138,60+ Months,Month-to-month,Female,0,67
CUST06139,60+ Months,Month-to-month,Male,0,66
CUST06140,60+ Months,One year,Female,0,71
CUST06141,60+ Months,Month-to-month,Female,0,66
CUST06142,60+ Months,Month-to-month,Male,0,65
CUST06143,60+ Months,Month-to-month,Female,0,67
CUST06144,60+ Months,Two year,Female,0,72
CUST06145,60+ Months,Two year,Female,0,71
CUST06146,60+ Months,Two year,Female,0,69
CUST06147,60+ Months,Two year,Male,0,61
CUST06148,60+ Months,One year,Female,0,64
CUST06149,60+ Months,Two year,Male,0,61
CUST06150,60+ Months,Two year,Female,0,62
CUST06151,60+ Months,Two year,Female,0,70
CUST06152,60+ Months,Two year,Female,0,70
CUST06153,60+ Months,One year,Male,0,62
CUST06154,60+ Months,One year,Male,0,66
CUST06155,60+ Months,One year,Male,0,64
CUST06156,60+ Months,Month-to-month,Female,0,61
CUST06157,60+ Months,One year,Female,0,65
CUST06158,60+ Months,Month-to-month,Male,0,62
CUST06159,60+ Months,Month-to-month,Female,0,69
CUST06160,60+ Months,Two year,Male,0,72
CUST06161,60+ Months,Two year,Female,0,66
CUST06162,60+ Months,Two year,Female,0,63
CUST06163,60+ Months,One year,Female,0,66
CUST06164,60+ Months,Two year,Female,0,72
CUST06165,60+ Months,Two year,Male,0,62
CUST06166,60+ Months,Two year,Male,0,69
CUST06167,60+ Months,Two year,Male,0,62
CUST06168,60+ Months,One year,Male,0,64
CUST06169,60+ Months,One year,Female,0,66
CUST06170,60+ Months,Two year,Female,0,65
CUST06171,60+ Months,Two year,Female,0,63
CUST06172,60+ Months,One year,Male,0,70
CUST06173,60+ Months,One year,Female,0,69
CUST06174,60+ Months,One year,Male,0,66
CUST06175,60+ Months,One year,Male,0,66
CUST06176,60+ Months,Two year,Male,0,61
CUST06177,60+ Months,Two year,Male,0,68
CUST06178,60+ Months,One year,Male,0,63
CUST06179,60+ Months,One year,Male,0,64
CUST06180,60+ Months,One year,Male,0,71
CUST06181,60+ Months,Month-to-month,Female,0,68
CUST06182,60+ Months,Two year,Male,0,69
CUST06183,60+ Months,Two year,Female,0,64
CUST06184,60+ Months,Two year,Male,0,67
CUST06185,60+ Months,Month-to-month,Male,0,61
CUST06186,60+ Months,Two year,Female,0,63
CUST06187,60+ Months,Two year,Male,1,70
CUST06188,60+ Months,One year,Female,0,66
CUST06189,60+ Months,Two year,Male,0,68
CUST06190,60+ Months,Two year,Male,0,70
CUST06191,60+ Months,Two year,Male,0,72
CUST06192,60+ Months,Month-to-month,Male,1,61
CUST06193,60+ Months,Month-to-month,Female,0,67
CUST06194,60+ Months,One year,Female,0,72
CUST06195,60+ Months,Month-to-month,Male,0,63
CUST06196,60+ Months,One year,Female,0,71
CUST06197,60+ Months,Two year,Female,0,67
CUST06198,60+ Months,Month-to-month,Female,1,64
CUST06199,60+ Months,One year,Female,0,70
CUST06200,60+ Months,Two year,Male,0,71
CUST06201,60+ Months,Two year,Female,0,62
CUST06202,60+ Months,One year,Female,0,69
CUST06203,60+ Months,Two year,Male,0,72
CUST06204,60+ Months,Month-to-month,Male,0,68
CUST06205,60+ Months,Month-to-month,Female,1,67
CUST06206,60+ Months,Two year,Male,0,62
CUST06207,60+ Months,One year,Female,0,66
CUST06208,60+ Months,One year,Male,0,71
CUST06209,60+ Months,Month-to-month,Female,0,70
CUST06210,60+ Months,Two year,Female,0,66
CUST06211,60+ Months,Month-to-month,Female,0,64
CUST06212,60+ Months,Two year,Male,0,70
CUST06213,60+ Months,One year,Female,1,72
CUST06214,60+ Months,Two year,Female,0,64
CUST06215,60+ Months,Month-to-month,Male,0,70
CUST06216,60+ Months,Month-to-month,Female,1,64
CUST06217,60+ Months,Two year,Male,0,70
CUST06218,60+ Months,Two year,Female,0,72
CUST06219,60+ Months,Month-to-month,Female,0,68
CUST06220,60+ Months,One year,Female,1,66
CUST06221,60+ Months,One year,Female,0,64
CUST06222,60+ Months,Month-to-month,Female,0,61
CUST06223,60+ Months,Two year,Male,0,61
CUST06224,60+ Months,Month-to-month,Male,1,71
CUST06225,60+ Months,Two year,Female,0,68
CUST06226,60+ Months,Month-to-month,Female,0,63
CUST06227,60+ Months,One year,Male,0,67
CUST06228,60+ Months,One year,Female,0,71
CUST06229,60+ Months,One year,Male,0,68
CUST06230,60+ Months,One year,Male,0,71
CUST06231,60+ Months,Two year,Female,0,62
CUST06232,60+ Months,One year,Male,0,61
CUST06233,60+ Months,Two year,Male,0,68
CUST06234,60+ Months,Month-to-month,Male,0,67
CUST06235,60+ Months,One year,Male,0,69
CUST06236,60+ Months,Month-to-month,Female,0,72
CUST06237,60+ Months,One year,Male,0,62
CUST06238,60+ Months,Two year,Female,0,72
CUST06239,60+ Months,Two year,Female,0,61
CUST06240,60+ Months,Two year,Male,0,67
CUST06241,60+ Months,Two year,Female,0,70
CUST06242,60+ Months,Month-to-month,Male,0,69
CUST06243,60+ Months,Month-to-month,Male,0,63
CUST06244,60+ Months,Two year,Male,0,68
CUST06245,60+ Months,Month-to-month,Male,0,71
CUST06246,60+ Months,Month-to-month,Male,0,63
CUST06247,60+ Months,Two year,Male,0,72
CUST06248,60+ Months,Two year,Male,0,68
CUST06249,60+ Months,Two year,Male,0,62
CUST06250,60+ Months,One year,Male,0,64
CUST06251,60+ Months,Two year,Female,0,71
CUST06252,60+ Months,Month-to-month,Female,0,65
CUST06253,60+ Months,One year,Female,0,72
CUST06254,60+ Months,One year,Female,0,66
CUST06255,60+ Months,Two year,Female,0,65
CUST06256,60+ Months,Two year,Male,1,71
CUST06257,60+ Months,Two year,Male,0,70
CUST06258,60+ Months,Month-to-month,Male,1,63
CUST06259,60+ Months,One year,Male,0,70
CUST06260,60+ Months,Month-to-month,Male,0,64
CUST06261,60+ Months,Two year,Male,0,71
CUST06262,60+ Months,Month-to-month,Male,0,61
CUST06263,60+ Months,Month-to-month,Female,1,68
CUST06264,60+ Months,Two year,Male,0,62
CUST06265,60+ Months,One year,Female,0,69
CUST06266,60+ Months,Two year,Female,0,72
CUST06267,60+ Months,Month-to-month,Female,0,69
CUST06268,60+ Months,Two year,Male,0,66
CUST06269,60+ Months,Month-to-month,Male,0,70
CUST06270,60+ Months,Month-to-month,Female,0,63
CUST06271,60+ Months,One year,Male,0,67
CUST06272,60+ Months,Month-to-month,Female,0,72
CUST06273,60+ Months,Two year,Female,0,65
CUST06274,60+ Months,Month-to-month,Female,0,61
CUST06275,60+ Months,Month-to-month,Female,0,66
CUST06276,60+ Months,Two year,Male,0,66
CUST06277,60+ Months,Month-to-month,Female,0,70
CUST06278,60+ Months,Two year,Female,0,70
CUST06279,60+ Months,Two year,Female,0,65
CUST06280,60+ Months,Month-to-month,Male,0,70
CUST06281,60+ Months,Two year,Male,0,62
CUST06282,60+ Months,One year,Male,0,63
CUST06283,60+ Months,One year,Male,0,68
CUST06284,60+ Months,Month-to-month,Male,0,69
CUST06285,60+ Months,Two year,Female,0,70
CUST06286,60+ Months,Two year,Female,0,68
CUST06287,60+ Months,Two year,Male,0,62
CUST06288,60+ Months,Two year,Female,0,69
CUST06289,60+ Months,One year,Female,1,66
CUST06290,60+ Months,Two year,Female,0,64
CUST06291,60+ Months,Two year,Female,0,65
CUST06292,60+ Months,Two year,Female,0,70
CUST06293,60+ Months,Two year,Female,0,63
CUST06294,60+ Months,Two year,Female,0,67
CUST06295,60+ Months,Month-to-month,Male,0,61
CUST06296,60+ Months,Two year,Male,0,69
CUST06297,60+ Months,Two year,Female,0,62
CUST06298,60+ Months,Two year,Female,0,72
CUST06299,60+ Months,One year,Female,0,71
CUST06300,60+ Months,Two year,Female,0,71
CUST06301,60+ Months,Month-to-month,Female,1,65
CUST06302,60+ Months,One year,Female,0,70
CUST06303,60+ Months,Two year,Male,0,62
CUST06304,60+ Months,Month-to-month,Male,1,64
CUST06305,60+ Months,Two year,Male,0,62
CUST06306,60+ Months,Month-to-month,Male,0,61
CUST06307,60+ Months,Two year,Male,0,65
CUST06308,60+ Months,Two year,Male,0,67
CUST06309,60+ Months,One year,Male,0,71
CUST06310,60+ Months,Two year,Male,0,61
CUST06311,60+ Months,Month-to-month,Male,0,65
CUST06312,60+ Months,Two year,Male,0,69
CUST06313,60+ Months,Two year,Male,0,63
CUST06314,60+ Months,Month-to-month,Female,0,69
CUST06315,60+ Months,Two year,Female,0,67
CUST06316,60+ Months,Two year,Female,0,67
CUST06317,60+ Months,Two year,Female,0,62
CUST06318,60+ Months,Two year,Female,0,63
CUST06319,60+ Months,One year,Female,0,71
CUST06320,60+ Months,Two year,Female,0,71
CUST06321,60+ Months,Month-to-month,Male,0,66
CUST06322,60+ Months,One year,Female,0,68
CUST06323,60+ Months,Two year,Female,0,67
CUST06324,60+ Months,Month-to-month,Female,0,67
CUST06325,60+ Months,Two year,Female,0,69
CUST06326,60+ Months,Month-to-month,Male,0,67
CUST06327,60+ Months,Two year,Male,0,62
CUST06328,60+ Months,Two year,Female,0,61
CUST06329,60+ Months,One year,Male,0,71
CUST06330,60+ Months,Month-to-month,Female,1,69
CUST06331,60+ Months,One year,Male,0,63
CUST06332,60+ Months,Two year,Male,0,61
CUST06333,60+ Months,Two year,Male,0,63
CUST06334,60+ Months,One year,Female,0,67
CUST06335,60+ Months,Two year,Male,0,68
CUST06336,60+ Months,One year,Male,1,63
CUST06337,60+ Months,One year,Male,0,63
CUST06338,60+ Months,One year,Female,0,63
CUST06339,60+ Months,Month-to-month,Female,0,66
CUST06340,60+ Months,Two year,Female,0,63
CUST06341,60+ Months,Two year,Female,0,66
CUST06342,60+ Months,Two year,Male,0,61
CUST06343,60+ Months,Two year,Female,0,72
CUST06344,60+ Months,One year,Female,0,71
CUST06345,60+ Months,One year,Male,0,65
CUST06346,60+ Months,Two year,Male,0,70
CUST06347,60+ Months,Two year,Male,0,67
CUST06348,60+ Months,Two year,Male,0,61
CUST06349,60+ Months,One year,Male,0,64
CUST06350,60+ Months,Two year,Male,0,61
CUST06351,60+ Months,Two year,Female,0,69
CUST06352,60+ Months,Two year,Female,0,70
CUST06353,60+ Months,Two year,Male,0,68
CUST06354,60+ Months,One year,Female,0,61
CUST06355,60+ Months,One year,Female,0,63
CUST06356,60+ Months,One year,Male,0,66
CUST06357,60+ Months,One year,Female,0,62
CUST06358,60+ Months,Two year,Female,0,62
CUST06359,60+ Months,Two year,Female,0,64
CUST06360,60+ Months,One year,Female,0,68
CUST06361,60+ Months,One year,Male,0,62
CUST06362,60+ Months,Two year,Female,0,72
CUST06363,60+ Months,Two year,Female,0,66
CUST06364,60+ Months,Month-to-month,Female,0,63
CUST06365,60+ Months,Two year,Male,0,61
CUST06366,60+ Months,One year,Female,0,72
CUST06367,60+ Months,One year,Female,1,68
CUST06368,60+ Months,Month-to-month,Male,0,71
CUST06369,60+ Months,Two year,Female,0,70
CUST06370,60+ Months,Two year,Male,0,72
CUST06371,60+ Months,Two year,Female,0,71
CUST06372,60+ Months,Month-to-month,Female,0,70
CUST06373,60+ Months,Two year,Female,0,71
CUST06374,60+ Months,Two year,Male,0,71
CUST06375,60+ Months,One year,Female,0,64
CUST06376,60+ Months,Month-to-month,Female,0,68
CUST06377,60+ Months,One year,Male,0,72
CUST06378,60+ Months,Two year,Female,0,71
CUST06379,60+ Months,One year,Male,0,62
CUST06380,60+ Months,One year,Male,0,62
CUST06381,60+ Months,Two year,Male,0,63
CUST06382,60+ Months,Two year,Female,0,69
CUST06383,60+ Months,Two year,Female,0,65
CUST06384,60+ Months,Two year,Male,0,68
CUST06385,60+ Months,Month-to-month,Female,0,62
CUST06386,60+ Months,Two year,Female,0,61
CUST06387,60+ Months,One year,Male,0,70
CUST06388,60+ Months,Month-to-month,Male,0,64
CUST06389,60+ Months,Two year,Female,0,61
CUST06390,60+ Months,Month-to-month,Female,0,63
CUST06391,60+ Months,Month-to-month,Male,0,64
CUST06392,60+ Months,Two year,Male,0,65
CUST06393,60+ Months,One year,Male,0,71
CUST06394,60+ Months,Month-to-month,Female,0,63
CUST06395,60+ Months,Two year,Female,0,68
CUST06396,60+ Months,Two year,Female,0,64
CUST06397,60+ Months,Two year,Female,0,66
CUST06398,60+ Months,Month-to-month,Male,0,64
CUST06399,60+ Months,Two year,Female,0,65
CUST06400,60+ Months,Two year,Female,0,68
CUST06401,60+ Months,Month-to-month,Male,0,68
CUST06402,60+ Months,Month-to-month,Female,0,62
CUST06403,60+ Months,Month-to-month,Female,0,62
CUST06404,60+ Months,Two year,Male,0,63
CUST06405,60+ Months,Month-to-month,Female,0,71
CUST06406,60+ Months,Two year,Male,0,64
CUST06407,60+ Months,Two year,Female,0,67
CUST06408,60+ Months,Month-to-month,Female,0,66
CUST06409,60+ Months,Two year,Male,0,65
CUST06410,60+ Months,Month-to-month,Female,0,61
CUST06411,60+ Months,Month-to-month,Male,0,66
CUST06412,60+ Months,Two year,Female,0,72
CUST06413,60+ Months,One year,Male,0,72
CUST06414,60+ Months,Two year,Female,0,64
CUST06415,60+ Months,Two year,Male,0,67
CUST06416,60+ Months,Month-to-month,Male,0,64
CUST06417,60+ Months,One year,Female,0,72
CUST06418,60+ Months,Month-to-month,Female,0,67
CUST06419,60+ Months,Two year,Male,0,72
CUST06420,60+ Months,Two year,Male,0,71
CUST06421,60+ Months,One year,Female,0,64
CUST06422,60+ Months,Two year,Male,0,66
CUST06423,60+ Months,Two year,Female,0,67
CUST06424,60+ Months,Two year,Female,0,63
CUST06425,60+ Months,Month-to-month,Male,0,70
CUST06426,60+ Months,Month-to-month,Female,1,67
CUST06427,60+ Months,Month-to-month,Female,0,63
CUST06428,60+ Months,One year,Male,0,66
CUST06429,60+ Months,One year,Male,0,70
CUST06430,60+ Months,Month-to-month,Female,0,66
CUST06431,60+ Months,One year,Female,0,69
CUST06432,60+ Months,One year,Female,0,72
CUST06433,60+ Months,Month-to-month,Male,0,65
CUST06434,60+ Months,Two year,Female,1,72
CUST06435,60+ Months,Two year,Male,0,65
CUST06436,60+ Months,One year,Male,0,67
CUST06437,60+ Months,Two year,Male,0,70
CUST06438,60+ Months,One year,Female,0,61
CUST06439,60+ Months,Two year,Female,0,69
CUST06440,60+ Months,Two year,Female,0,67
CUST06441,60+ Months,One year,Female,0,68
CUST06442,60+ Months,Two year,Female,0,72
CUST06443,60+ Months,Two year,Male,0,66
CUST06444,60+ Months,Two year,Female,0,72
CUST06445,60+ Months,Month-to-month,Female,0,67
CUST06446,60+ Months,Month-to-month,Male,0,63
CUST06447,60+ Months,Two year,Male,0,68
CUST06448,60+ Months,One year,Female,0,63
CUST06449,60+ Months,Two year,Male,0,71
CUST06450,60+ Months,Two year,Male,0,62
CUST06451,60+ Months,One year,Female,0,66
CUST06452,60+ Months,One year,Male,0,70
CUST06453,60+ Months,One year,Female,0,61
CUST06454,60+ Months,One year,Female,0,66
CUST06455,60+ Months,Two year,Female,0,67
CUST06456,60+ Months,Two year,Female,0,65
CUST06457,60+ Months,One year,Male,0,69
CUST06458,60+ Months,Two year,Male,0,64
CUST06459,60+ Months,Two year,Female,0,65
CUST06460,60+ Months,Two year,Male,0,64
CUST06461,60+ Months,Month-to-month,Female,0,68
CUST06462,60+ Months,Two year,Female,0,71
CUST06463,60+ Months,Two year,Male,0,63
CUST06464,60+ Months,One year,Female,0,65
CUST06465,60+ Months,Two year,Male,0,63
CUST06466,60+ Months,Two year,Female,0,63
CUST06467,60+ Months,Month-to-month,Male,1,72
CUST06468,60+ Months,Two year,Female,0,69
CUST06469,60+ Months,Two year,Female,0,72
CUST06470,60+ Months,Two year,Male,0,68
CUST06471,60+ Months,One year,Male,0,68
CUST06472,60+ Months,Two year,Female,0,69
CUST06473,60+ Months,Two year,Male,1,68
CUST06474,60+ Months,Two year,Female,0,70
CUST06475,60+ Months,Month-to-month,Female,0,64
CUST06476,60+ Months,Month-to-month,Female,0,62
CUST06477,60+ Months,Two year,Male,0,66
CUST06478,60+ Months,One year,Male,0,61
CUST06479,60+ Months,Month-to-month,Male,0,61
CUST06480,60+ Months,One year,Male,0,61
CUST06481,60+ Months,Two year,Female,0,61
CUST06482,60+ Months,One year,Female,0,69
CUST06483,60+ Months,Two year,Female,0,68
CUST06484,60+ Months,Two year,Male,0,72
CUST06485,60+ Months,Two year,Female,0,64
CUST06486,60+ Months,Two year,Male,0,64
CUST06487,60+ Months,One year,Male,0,66
CUST06488,60+ Months,Two year,Male,0,70
CUST06489,60+ Months,Month-to-month,Female,0,72
CUST06490,60+ Months,Two year,Female,0,69
CUST06491,60+ Months,One year,Male,1,67
CUST06492,60+ Months,Two year,Male,0,72
CUST06493,60+ Months,Two year,Female,0,63
CUST06494,60+ Months,Month-to-month,Male,0,66
CUST06495,60+ Months,Two year,Male,0,63
CUST06496,60+ Months,Month-to-month,Female,0,62
CUST06497,60+ Months,One year,Male,0,65
CUST06498,60+ Months,One year,Female,0,70
CUST06499,60+ Months,One year,Male,0,64
CUST06500,60+ Months,Two year,Female,0,70
CUST06501,60+ Months,Two year,Female,0,68
CUST06502,60+ Months,One year,Female,0,69
CUST06503,60+ Months,Two year,Male,0,63
CUST06504,60+ Months,Two year,Male,0,71
CUST06505,60+ Months,Two year,Female,0,63
CUST06506,60+ Months,Month-to-month,Female,0,65
CUST06507,60+ Months,Two year,Female,0,70
CUST06508,60+ Months,Month-to-month,Female,0,69
CUST06509,60+ Months,Two year,Male,0,64
CUST06510,60+ Months,Two year,Female,0,64
CUST06511,60+ Months,Two year,Male,0,66
CUST06512,60+ Months,Month-to-month,Male,1,66
CUST06513,60+ Months,Month-to-month,Female,0,61
CUST06514,60+ Months,Two year,Male,0,63
CUST06515,60+ Months,Month-to-month,Male,0,62
CUST06516,60+ Months,One year,Male,0,62
CUST06517,60+ Months,Two year,Male,0,65
CUST06518,60+ Months,Two year,Female,0,61
CUST06519,60+ Months,Month-to-month,Female,1,69
CUST06520,60+ Months,One year,Male,0,69
CUST06521,60+ Months,Two year,Female,0,63
CUST06522,60+ Months,One year,Male,0,71
CUST06523,60+ Months,Month-to-month,Male,1,68
CUST06524,60+ Months,Month-to-month,Female,0,64
CUST06525,60+ Months,One year,Female,0,63
CUST06526,60+ Months,Two year,Female,0,66
CUST06527,60+ Months,One year,Male,1,72
CUST06528,60+ Months,Month-to-month,Female,1,61
CUST06529,60+ Months,Two year,Female,0,61
CUST06530,60+ Months,Month-to-month,Male,0,65
CUST06531,60+ Months,One year,Male,0,72
CUST06532,60+ Months,Two year,Male,0,64
CUST06533,60+ Months,Two year,Male,0,69
CUST06534,60+ Months,Month-to-month,Female,1,67
CUST06535,60+ Months,One year,Male,0,63
CUST06536,60+ Months,Month-to-month,Male,0,71
CUST06537,60+ Months,Month-to-month,Female,0,62
CUST06538,60+ Months,Two year,Female,0,67
CUST06539,60+ Months,Two year,Female,0,68
CUST06540,60+ Months,Two year,Male,0,69
CUST06541,60+ Months,Two year,Male,0,71
CUST06542,60+ Months,Month-to-month,Male,0,69
CUST06543,60+ Months,Two year,Male,0,68
CUST06544,60+ Months,Two year,Female,0,62
CUST06545,60+ Months,One year,Male,0,64
CUST06546,60+ Months,Two year,Male,0,65
CUST06547,60+ Months,Month-to-month,Male,0,65
CUST06548,60+ Months,Two year,Female,0,62
CUST06549,60+ Months,Two year,Male,0,62
CUST06550,60+ Months,One year,Male,0,66
CUST06551,60+ Months,Two year,Female,0,69
CUST06552,60+ Months,Month-to-month,Male,0,71
CUST06553,60+ Months,Two year,Female,0,72
CUST06554,60+ Months,Month-to-month,Female,0,66
CUST06555,60+ Months,Month-to-month,Male,0,71
CUST06556,60+ Months,One year,Female,0,66
CUST06557,60+ Months,Two year,Male,0,66
CUST06558,60+ Months,Month-to-month,Male,1,63
CUST06559,60+ Months,Two year,Female,0,68
CUST06560,60+ Months,Month-to-month,Female,0,64
CUST06561,60+ Months,One year,Female,0,66
CUST06562,60+ Months,One year,Female,0,72
CUST06563,60+ Months,Month-to-month,Male,0,67
CUST06564,60+ Months,Two year,Female,0,64
CUST06565,60+ Months,One year,Male,0,69
CUST06566,60+ Months,Two year,Female,0,69
CUST06567,60+ Months,Two year,Female,0,68
CUST06568,60+ Months,Two year,Male,0,61
CUST06569,60+ Months,Two year,Female,0,63
CUST06570,60+ Months,Two year,Male,0,62
CUST06571,60+ Months,Two year,Male,0,72
CUST06572,60+ Months,Two year,Male,0,64
CUST06573,60+ Months,Two year,Female,0,66
CUST06574,60+ Months,Two year,Female,0,71
CUST06575,60+ Months,One year,Male,0,72
CUST06576,60+ Months,Two year,Female,0,63
CUST06577,60+ Months,One year,Male,0,71
CUST06578,60+ Months,Two year,Male,0,69
CUST06579,60+ Months,Two year,Male,0,68
CUST06580,60+ Months,Two year,Male,0,63
CUST06581,60+ Months,Two year,Male,0,69
CUST06582,60+ Months,Two year,Female,0,68
CUST06583,60+ Months,Two year,Male,0,66
CUST06584,60+ Months,Month-to-month,Male,0,68
CUST06585,60+ Months,One year,Female,0,63
CUST06586,60+ Months,One year,Male,0,68
CUST06587,60+ Months,Month-to-month,Female,0,62
CUST06588,60+ Months,Two year,Female,0,64
CUST06589,60+ Months,Two year,Male,0,66
CUST06590,60+ Months,Two year,Male,0,62
CUST06591,60+ Months,One year,Female,0,71
CUST06592,60+ Months,Two year,Male,0,71
CUST06593,60+ Months,One year,Female,0,66
CUST06594,60+ Months,Two year,Female,0,67
CUST06595,60+ Months,Two year,Female,0,64
CUST06596,60+ Months,One year,Male,0,63
CUST06597,60+ Months,Month-to-month,Female,0,72
CUST06598,60+ Months,One year,Female,0,65
CUST06599,60+ Months,Month-to-month,Male,0,72
CUST06600,60+ Months,One year,Female,0,61
CUST06601,60+ Months,Month-to-month,Female,0,62
CUST06602,60+ Months,Month-to-month,Female,0,66
CUST06603,60+ Months,One year,Male,0,70
CUST06604,60+ Months,Month-to-month,Male,1,66
CUST06605,60+ Months,Two year,Male,0,71
CUST06606,60+ Months,Month-to-month,Female,0,62
CUST06607,60+ Months,Two year,Female,0,71
CUST06608,60+ Months,Month-to-month,Male,0,66
CUST06609,60+ Months,Month-to-month,Female,0,64
CUST06610,60+ Months,Month-to-month,Female,1,68
CUST06611,60+ Months,Two year,Female,0,70
CUST06612,60+ Months,One year,Female,0,72
CUST06613,60+ Months,Two year,Female,0,62
CUST06614,60+ Months,Month-to-month,Male,0,69
CUST06615,60+ Months,Two year,Female,0,64
CUST06616,60+ Months,Month-to-month,Male,0,67
CUST06617,60+ Months,One year,Female,0,66
CUST06618,60+ Months,Two year,Male,0,70
CUST06619,60+ Months,Month-to-month,Male,0,65
CUST06620,60+ Months,One year,Male,0,64
CUST06621,60+ Months,Two year,Female,0,66
CUST06622,60+ Months,One year,Male,0,69
CUST06623,60+ Months,Month-to-month,Female,0,71
CUST06624,60+ Months,One year,Male,0,61
CUST06625,60+ Months,Month-to-month,Male,0,67
CUST06626,60+ Months,Two year,Male,0,61
CUST06627,60+ Months,Two year,Male,0,68
CUST06628,60+ Months,Two year,Male,0,68
CUST06629,60+ Months,Month-to-month,Male,0,71
CUST06630,60+ Months,Two year,Female,0,63
CUST06631,60+ Months,Two year,Female,0,70
CUST06632,60+ Months,Month-to-month,Male,0,69
CUST06633,60+ Months,Two year,Male,0,68
CUST06634,60+ Months,Two year,Female,0,68
CUST06635,60+ Months,Two year,Female,0,67
CUST06636,60+ Months,One year,Male,0,61
CUST06637,60+ Months,Month-to-month,Female,0,70
CUST06638,60+ Months,Two year,Female,0,65
CUST06639,60+ Months,Two year,Female,0,62
CUST06640,60+ Months,One year,Female,0,68
CUST06641,60+ Months,Month-to-month,Male,0,72
CUST06642,60+ Months,Two year,Female,0,69
CUST06643,60+ Months,Month-to-month,Female,0,63
CUST06644,60+ Months,One year,Male,0,70
CUST06645,60+ Months,Two year,Female,0,71
CUST06646,60+ Months,Month-to-month,Female,0,64
CUST06647,60+ Months,Month-to-month,Female,0,67
CUST06648,60+ Months,Month-to-month,Female,1,71
CUST06649,60+ Months,Two year,Male,0,62
CUST06650,60+ Months,One year,Female,0,65
CUST06651,60+ Months,Two year,Female,0,66
CUST06652,60+ Months,Two year,Female,0,61
CUST06653,60+ Months,Two year,Female,0,63
CUST06654,60+ Months,Two year,Female,0,68
CUST06655,60+ Months,Two year,Female,0,64
CUST06656,60+ Months,One year,Female,0,63
CUST06657,60+ Months,Two year,Female,0,64
CUST06658,60+ Months,Two year,Male,0,62
CUST06659,60+ Months,Two year,Female,0,68
CUST06660,60+ Months,One year,Female,0,64
CUST06661,60+ Months,One year,Male,0,68
CUST06662,60+ Months,Two year,Female,0,70
CUST06663,60+ Months,Month-to-month,Male,0,66
CUST06664,60+ Months,Two year,Female,0,71
CUST06665,60+ Months,One year,Female,0,63
CUST06666,60+ Months,Two year,Male,0,72
CUST06667,60+ Months,Two year,Female,0,64
CUST06668,60+ Months,One year,Female,0,64
CUST06669,60+ Months,Month-to-month,Male,0,72
CUST06670,60+ Months,Two year,Male,0,66
CUST06671,60+ Months,One year,Female,0,69
CUST06672,60+ Months,One year,Male,0,70
CUST06673,60+ Months,Two year,Female,0,66
CUST06674,60+ Months,One year,Male,0,64
CUST06675,60+ Months,Two year,Female,0,66
CUST06676,60+ Months,Month-to-month,Male,0,65
CUST06677,60+ Months,One year,Female,1,65
CUST06678,60+ Months,Two year,Male,0,63
CUST06679,60+ Months,Month-to-month,Female,1,71
CUST06680,60+ Months,One year,Male,1,67
CUST06681,60+ Months,Two year,Male,0,70
CUST06682,60+ Months,Two year,Male,0,68
CUST06683,60+ Months,Two year,Male,0,65
CUST06684,60+ Months,Two year,Female,0,64
CUST06685,60+ Months,Month-to-month,Male,0,72
CUST06686,60+ Months,One year,Female,0,61
CUST06687,60+ Months,Two year,Male,0,64
CUST06688,60+ Months,Two year,Male,0,69
CUST06689,60+ Months,Two year,Female,0,67
CUST06690,60+ Months,One year,Female,0,68
CUST06691,60+ Months,One year,Male,0,61
CUST06692,60+ Months,Month-to-month,Male,0,63
CUST06693,60+ Months,Two year,Male,0,68
CUST06694,60+ Months,Two year,Male,0,64
CUST06695,60+ Months,One year,Female,0,66
CUST06696,60+ Months,One year,Male,0,72
CUST06697,60+ Months,One year,Male,0,68
CUST06698,60+ Months,Month-to-month,Male,0,68
CUST06699,60+ Months,Two year,Male,0,63
CUST06700,60+ Months,Two year,Male,0,68
CUST06701,60+ Months,Month-to-month,Male,0,72
CUST06702,60+ Months,Two year,Male,0,68
CUST06703,60+ Months,Two year,Male,0,70
CUST06704,60+ Months,Month-to-month,Male,0,72
CUST06705,60+ Months,One year,Female,0,71
CUST06706,60+ Months,One year,Female,0,65
CUST06707,60+ Months,Month-to-month,Male,1,64
CUST06708,60+ Months,Two year,Male,0,64
CUST06709,60+ Months,Two year,Male,0,70
CUST06710,60+ Months,Month-to-month,Male,0,65
CUST06711,60+ Months,Month-to-month,Female,0,70
CUST06712,60+ Months,Two year,Female,0,70
CUST06713,60+ Months,One year,Male,0,68
CUST06714,60+ Months,Two year,Male,0,62
CUST06715,60+ Months,Two year,Female,0,69
CUST06716,60+ Months,Two year,Female,0,63
CUST06717,60+ Months,Two year,Female,0,67
CUST06718,60+ Months,Two year,Female,0,63
CUST06719,60+ Months,Two year,Male,0,61
CUST06720,60+ Months,One year,Female,0,68
CUST06721,60+ Months,One year,Female,0,66
CUST06722,60+ Months,One year,Male,0,68
CUST06723,60+ Months,One year,Male,0,66
CUST06724,60+ Months,Month-to-month,Male,0,65
CUST06725,60+ Months,One year,Female,0,61
CUST06726,60+ Months,One year,Female,0,64
CUST06727,60+ Months,Month-to-month,Female,0,71
CUST06728,60+ Months,One year,Male,0,70
CUST06729,60+ Months,Two year,Female,0,66
CUST06730,60+ Months,Two year,Male,0,61
CUST06731,60+ Months,Two year,Male,0,72
CUST06732,60+ Months,Two year,Male,0,69
CUST06733,60+ Months,Two year,Female,0,61
CUST06734,60+ Months,Two year,Female,0,63
CUST06735,60+ Months,Month-to-month,Male,0,63
CUST06736,60+ Months,Two year,Female,0,71
CUST06737,60+ Months,Month-to-month,Male,0,72
CUST06738,60+ Months,Two year,Female,0,65
CUST06739,60+ Months,Two year,Male,0,63
CUST06740,60+ Months,One year,Male,0,68
CUST06741,60+ Months,Two year,Female,0,64
CUST06742,60+ Months,One year,Male,0,62
CUST06743,60+ Months,Month-to-month,Male,0,64
CUST06744,60+ Months,Month-to-month,Male,1,64
CUST06745,60+ Months,Month-to-month,Female,0,61
CUST06746,60+ Months,Month-to-month,Female,0,69
CUST06747,60+ Months,Two year,Male,0,65
CUST06748,60+ Months,Two year,Female,0,67
CUST06749,60+ Months,One year,Male,0,67
CUST06750,60+ Months,Two year,Female,0,70
CUST06751,60+ Months,Month-to-month,Male,0,70
CUST06752,60+ Months,One year,Female,0,67
CUST06753,60+ Months,Two year,Male,0,71
CUST06754,60+ Months,Two year,Female,0,67
CUST06755,60+ Months,One year,Female,0,61
CUST06756,60+ Months,Month-to-month,Female,0,71
CUST06757,60+ Months,Two year,Male,0,70
CUST06758,60+ Months,Two year,Female,0,66
CUST06759,60+ Months,One year,Male,0,65
CUST06760,60+ Months,Month-to-month,Female,1,71
CUST06761,60+ Months,Month-to-month,Male,0,66
CUST06762,60+ Months,Two year,Male,0,65
CUST06763,60+ Months,Two year,Female,0,69
CUST06764,60+ Months,Two year,Female,0,64
CUST06765,60+ Months,One year,Female,0,65
CUST06766,60+ Months,Two year,Male,0,70
CUST06767,60+ Months,Two year,Male,0,63
CUST06768,60+ Months,One year,Female,0,61
CUST06769,60+ Months,Two year,Male,0,65
CUST06770,60+ Months,One year,Male,0,63
CUST06771,60+ Months,One year,Male,0,65
CUST06772,60+ Months,Two year,Male,0,61
CUST06773,60+ Months,One year,Male,0,68
CUST06774,60+ Months,Two year,Male,0,67
CUST06775,60+ Months,Two year,Male,0,64
CUST06776,60+ Months,One year,Female,0,68
CUST06777,60+ Months,One year,Male,1,62
CUST06778,60+ Months,Two year,Male,0,61
CUST06779,60+ Months,One year,Male,0,66
CUST06780,60+ Months,Two year,Female,0,62
CUST06781,60+ Months,One year,Male,0,71
CUST06782,60+ Months,One year,Female,0,64
CUST06783,60+ Months,Two year,Male,0,66
CUST06784,60+ Months,Month-to-month,Female,0,64
CUST06785,60+ Months,Two year,Male,0,66
CUST06786,60+ Months,Two year,Female,0,62
CUST06787,60+ Months,One year,Female,0,72
CUST06788,60+ Months,Two year,Female,0,63
CUST06789,60+ Months,Two year,Female,0,65
CUST06790,60+ Months,Two year,Female,0,71
CUST06791,60+ Months,One year,Male,0,66
CUST06792,60+ Months,One year,Male,0,69
CUST06793,60+ Months,Two year,Male,0,61
CUST06794,60+ Months,Two year,Male,0,64
CUST06795,60+ Months,Two year,Female,0,70
CUST06796,60+ Months,Two year,Male,0,64
CUST06797,60+ Months,Two year,Male,0,65
CUST06798,60+ Months,Month-to-month,Female,0,61
CUST06799,60+ Months,Two year,Male,0,67
CUST06800,60+ Months,Month-to-month,Male,0,65
CUST06801,60+ Months,One year,Male,0,71
CUST06802,60+ Months,Two year,Male,0,65
CUST06803,60+ Months,One year,Female,0,70
CUST06804,60+ Months,One year,Male,0,71
CUST06805,60+ Months,Two year,Female,0,71
CUST06806,60+ Months,Two year,Male,0,69
CUST06807,60+ Months,Two year,Female,0,68
CUST06808,60+ Months,Two year,Female,0,66
CUST06809,60+ Months,One year,Female,0,61
CUST06810,60+ Months,Two year,Female,0,62
CUST06811,60+ Months,Month-to-month,Female,0,65
CUST06812,60+ Months,One year,Female,0,68
CUST06813,60+ Months,One year,Male,0,61
CUST06814,60+ Months,Month-to-month,Male,0,72
CUST06815,60+ Months,Two year,Female,0,72
CUST06816,60+ Months,Month-to-month,Male,0,61
CUST06817,60+ Months,Two year,Male,0,62
CUST06818,60+ Months,Month-to-month,Female,0,71
CUST06819,60+ Months,Month-to-month,Male,0,63
CUST06820,60+ Months,Two year,Female,0,63
CUST06821,60+ Months,Two year,Female,0,63
CUST06822,60+ Months,Two year,Female,0,69
CUST06823,60+ Months,One year,Female,0,62
CUST06824,60+ Months,Month-to-month,Male,0,63
CUST06825,60+ Months,Two year,Male,0,65
CUST06826,60+ Months,Two year,Female,0,68
CUST06827,60+ Months,Month-to-month,Male,0,72
CUST06828,60+ Months,Two year,Female,1,63
CUST06829,60+ Months,Two year,Female,0,64
CUST06830,60+ Months,Two year,Male,0,67
CUST06831,60+ Months,One year,Male,0,66
CUST06832,60+ Months,Two year,Male,0,68
CUST06833,60+ Months,One year,Female,0,63
CUST06834,60+ Months,Two year,Female,0,68
CUST06835,60+ Months,One year,Female,0,72
CUST06836,60+ Months,Month-to-month,Male,0,69
CUST06837,60+ Months,Month-to-month,Female,0,69
CUST06838,60+ Months,Two year,Male,0,61
CUST06839,60+ Months,Two year,Female,0,71
CUST06840,60+ Months,Two year,Female,0,69
CUST06841,60+ Months,Two year,Female,0,68
CUST06842,60+ Months,Two year,Male,0,62
CUST06843,60+ Months,Two year,Male,0,67
CUST06844,60+ Months,One year,Male,0,69
CUST06845,60+ Months,Two year,Male,0,68
CUST06846,60+ Months,Month-to-month,Male,0,62
CUST06847,60+ Months,Month-to-month,Female,0,61
CUST06848,60+ Months,One year,Male,0,66
CUST06849,60+ Months,Month-to-month,Male,0,69
CUST06850,60+ Months,Two year,Male,0,65
CUST06851,60+ Months,Two year,Female,0,69
CUST06852,60+ Months,One year,Female,0,72
CUST06853,60+ Months,Two year,Male,0,71
CUST06854,60+ Months,One year,Female,0,68
CUST06855,60+ Months,Month-to-month,Female,0,69
CUST06856,60+ Months,One year,Female,0,62
CUST06857,60+ Months,Month-to-month,Male,1,62
CUST06858,60+ Months,One year,Female,0,69
CUST06859,60+ Months,Month-to-month,Male,0,70
CUST06860,60+ Months,Month-to-month,Male,0,63
CUST06861,60+ Months,Month-to-month,Male,0,68
CUST06862,60+ Months,Two year,Female,0,64
CUST06863,60+ Months,Month-to-month,Male,0,62
CUST06864,60+ Months,One year,Female,1,65
CUST06865,60+ Months,Two year,Female,0,66
CUST06866,60+ Months,One year,Female,0,70
CUST06867,60+ Months,Two year,Female,0,71
CUST06868,60+ Months,Month-to-month,Male,0,72
CUST06869,60+ Months,Two year,Female,0,62
CUST06870,60+ Months,Two year,Male,0,72
CUST06871,60+ Months,Two year,Female,0,67
CUST06872,60+ Months,Two year,Male,0,63
CUST06873,60+ Months,One year,Male,0,68
CUST06874,60+ Months,One year,Female,0,61
CUST06875,60+ Months,Month-to-month,Male,1,66
CUST06876,60+ Months,Two year,Female,0,70
CUST06877,60+ Months,Month-to-month,Male,1,72
CUST06878,60+ Months,One year,Male,0,64
CUST06879,60+ Months,Two year,Male,0,63
CUST06880,60+ Months,Month-to-month,Female,0,67
CUST06881,60+ Months,Month-to-month,Male,1,62
CUST06882,60+ Months,Two year,Male,0,72
CUST06883,60+ Months,One year,Male,0,64
CUST06884,60+ Months,Two year,Female,0,63
CUST06885,60+ Months,Two year,Female,0,63
CUST06886,60+ Months,Two year,Male,0,65
CUST06887,60+ Months,One year,Male,0,69
CUST06888,60+ Months,One year,Male,0,71
CUST06889,60+ Months,Two year,Male,0,69
CUST06890,60+ Months,Two year,Male,0,68
CUST06891,60+ Months,Two year,Female,0,64
CUST06892,60+ Months,One year,Male,0,72
CUST06893,60+ Months,Month-to-month,Female,0,72
CUST06894,60+ Months,Month-to-month,Male,0,68
CUST06895,60+ Months,Month-to-month,Female,0,70
CUST06896,60+ Months,Month-to-month,Male,0,64
CUST06897,60+ Months,Two year,Male,0,66
CUST06898,60+ Months,Month-to-month,Male,0,70
CUST06899,60+ Months,Two year,Female,0,66
CUST06900,60+ Months,Two year,Male,0,70
CUST06901,60+ Months,One year,Female,0,71
CUST06902,60+ Months,Two year,Female,0,72
CUST06903,60+ Months,Two year,Male,0,64
CUST06904,60+ Months,One year,Male,0,66
CUST06905,60+ Months,One year,Female,0,65
CUST06906,60+ Months,Two year,Male,0,67
CUST06907,60+ Months,Two year,Female,0,69
CUST06908,60+ Months,Two year,Male,0,64
CUST06909,60+ Months,Two year,Male,0,63
CUST06910,60+ Months,One year,Male,0,64
CUST06911,60+ Months,Two year,Male,0,70
CUST06912,60+ Months,Two year,Male,0,72
CUST06913,60+ Months,Two year,Male,0,62
CUST06914,60+ Months,Two year,Female,0,72
CUST06915,60+ Months,Two year,Female,0,61
CUST06916,60+ Months,Two year,Male,0,67
CUST06917,60+ Months,One year,Female,0,62
CUST06918,60+ Months,Two year,Male,0,72
CUST06919,60+ Months,One year,Female,0,70
CUST06920,60+ Months,Two year,Male,0,65
CUST06921,60+ Months,Two year,Female,0,69
CUST06922,60+ Months,Two year,Male,0,71
CUST06923,60+ Months,One year,Male,0,63
CUST06924,60+ Months,Two year,Female,0,68
CUST06925,60+ Months,One year,Male,0,64
CUST06926,60+ Months,Month-to-month,Female,0,69
CUST06927,60+ Months,One year,Male,0,67
CUST06928,60+ Months,Two year,Male,0,69
CUST06929,60+ Months,One year,Female,0,68
CUST06930,60+ Months,Two year,Female,0,68
CUST06931,60+ Months,Month-to-month,Female,1,62
CUST06932,60+ Months,Two year,Female,0,71
CUST06933,60+ Months,Two year,Male,0,63
CUST06934,60+ Months,Two year,Female,0,65
CUST06935,60+ Months,Two year,Male,0,67
CUST06936,60+ Months,Two year,Male,0,71
CUST06937,60+ Months,Two year,Male,0,68
CUST06938,60+ Months,Two year,Male,0,63
CUST06939,60+ Months,Month-to-month,Female,0,64
CUST06940,60+ Months,One year,Male,0,63
CUST06941,60+ Months,Two year,Male,0,68
CUST06942,60+ Months,One year,Male,0,69
CUST06943,60+ Months,Two year,Female,0,69
CUST06944,60+ Months,Two year,Female,0,70
CUST06945,60+ Months,One year,Male,0,69
CUST06946,60+ Months,Two year,Male,0,71
CUST06947,60+ Months,Two year,Female,0,71
CUST06948,60+ Months,Two year,Male,0,64
CUST06949,60+ Months,Two year,Female,0,64
CUST06950,60+ Months,Two year,Male,0,61
CUST06951,60+ Months,Two year,Female,0,64
CUST06952,60+ Months,Two year,Female,0,67
CUST06953,60+ Months,Month-to-month,Female,1,68
CUST06954,60+ Months,Two year,Female,0,71
CUST06955,60+ Months,Two year,Female,0,68
CUST06956,60+ Months,One year,Female,0,72
CUST06957,60+ Months,One year,Female,0,67
CUST06958,60+ Months,Two year,Male,0,71
CUST06959,60+ Months,One year,Male,0,70
CUST06960,60+ Months,Two year,Male,0,66
CUST06961,60+ Months,One year,Female,0,71
CUST06962,60+ Months,Month-to-month,Female,0,71
CUST06963,60+ Months,Two year,Male,0,64
CUST06964,60+ Months,One year,Male,0,63
CUST06965,60+ Months,Month-to-month,Male,0,62
CUST06966,60+ Months,Two year,Male,0,72
CUST06967,60+ Months,Two year,Male,0,66
CUST06968,60+ Months,Month-to-month,Male,0,67
CUST06969,60+ Months,Two year,Female,0,64
CUST06970,60+ Months,Two year,Male,0,65
CUST06971,60+ Months,Two year,Male,0,65
CUST06972,60+ Months,One year,Male,0,67
CUST06973,60+ Months,Month-to-month,Female,0,63
CUST06974,60+ Months,Two year,Female,0,70
CUST06975,60+ Months,Two year,Female,0,65
CUST06976,60+ Months,Month-to-month,Female,0,63
CUST06977,60+ Months,Two year,Male,0,61
CUST06978,60+ Months,Month-to-month,Male,0,62
CUST06979,60+ Months,Two year,Female,0,64
CUST06980,60+ Months,Two year,Male,0,69
CUST06981,60+ Months,Two year,Female,0,71
CUST06982,60+ Months,Two year,Male,0,72
CUST06983,60+ Months,One year,Female,0,64
CUST06984,60+ Months,Two year,Male,0,68
CUST06985,60+ Months,One year,Male,0,64
CUST06986,60+ Months,Two year,Male,0,62
CUST06987,60+ Months,Two year,Male,0,67
CUST06988,60+ Months,Month-to-month,Female,0,68
CUST06989,60+ Months,Month-to-month,Male,0,70
CUST06990,60+ Months,Month-to-month,Female,1,62
CUST06991,60+ Months,Month-to-month,Female,0,69
CUST06992,60+ Months,One year,Male,1,64
CUST06993,60+ Months,Two year,Male,0,64
CUST06994,60+ Months,Two year,Male,0,61
CUST06995,60+ Months,Two year,Female,0,63
CUST06996,60+ Months,Two year,Male,0,66
CUST06997,60+ Months,Two year,Female,0,63
CUST06998,60+ Months,One year,Male,0,64
CUST06999,60+ Months,Two year,Male,0,67
CUST07000,60+ Months,Two year,Male,0,62
CUST07001,60+ Months,Two year,Male,1,71
CUST07002,60+ Months,Two year,Male,0,64
CUST07003,60+ Months,Two year,Female,0,70
CUST07004,60+ Months,Two year,Male,0,68
CUST07005,60+ Months,Two year,Male,0,70
CUST07006,60+ Months,One year,Female,0,64
CUST07007,60+ Months,Two year,Female,0,63
CUST07008,60+ Months,Month-to-month,Female,1,62
CUST07009,60+ Months,Month-to-month,Male,0,63
CUST07010,60+ Months,Two year,Male,0,67
CUST07011,60+ Months,Month-to-month,Male,0,68
CUST07012,60+ Months,Two year,Female,0,70
CUST07013,60+ Months,Month-to-month,Female,0,72
CUST07014,60+ Months,Two year,Male,0,70
CUST07015,60+ Months,Month-to-month,Female,0,65
CUST07016,60+ Months,Two year,Female,0,66
CUST07017,60+ Months,One year,Female,0,72
CUST07018,60+ Months,Month-to-month,Female,0,69
CUST07019,60+ Months,Month-to-month,Female,0,66
CUST07020,60+ Months,Two year,Male,0,70
CUST07021,60+ Months,Two year,Female,0,62
CUST07022,60+ Months,Two year,Female,0,69
CUST07023,60+ Months,One year,Male,0,72
CUST07024,60+ Months,One year,Male,0,67
CUST07025,60+ Months,Month-to-month,Male,0,68
CUST07026,60+ Months,Two year,Male,0,61
CUST07027,60+ Months,Two year,Male,0,68
CUST07028,60+ Months,One year,Male,0,64
CUST07029,60+ Months,Two year,Male,0,72
CUST07030,60+ Months,Two year,Male,0,64
CUST07031,60+ Months,Month-to-month,Male,0,64
CUST07032,60+ Months,Month-to-month,Female,0,65
CUST07033,60+ Months,Month-to-month,Female,0,69
CUST07034,60+ Months,Month-to-month,Female,0,72
CUST07035,60+ Months,Month-to-month,Female,0,65
CUST07036,60+ Months,Two year,Female,0,63
CUST07037,60+ Months,Month-to-month,Male,1,70
CUST07038,60+ Months,Two year,Male,0,67
CUST07039,60+ Months,Two year,Female,0,66
CUST07040,60+ Months,Two year,Female,0,72
CUST07041,60+ Months,Two year,Female,0,66
CUST07042,60+ Months,Month-to-month,Male,1,68
CUST07043,60+ Months,Month-to-month,Female,1,72
